Workbook

Sheet Datos de Entrada (1)
A1: DATOS DE ENTRADA
A3: Programa Maestro de Producción (PMP)
B5: SEMANA
A6: PRODUCTO | B6: 17 | C6: 18 | D6: 19 | E6: 20
A7: P1 | B7: 100 | C7: 80 | D7: 100 | E7: 120 | F7: Producto final
A8: P2 | B8: 200 | C8: 200 | D8: 200 | E8: 250 | F8: Producto final
A9: C3 | B9: 0 | C9: 100 | D9: 100 | E9: 0 | F9: Pieza de repuesto de P1, P2
A10: C5 | B10: 50 | C10: 25 | D10: 100 | E10: 10 | F10: Pieza de repuesto de P2
A12: El Programa Maestro de Producción (PMP) es la estimación propia de productos o pedidos comprometidos (la demanda firme).
A13: Los Tiempos de Suministro (TS) son un dato fijo y establece las fechas de emisión y recepción de pedidos.
A15: Registro de Inventario: fichero de stocks y dinámica de pedidos
A17: Producto/Componente | B17: Stock de Seguridad (SS) | C17: Tiempo de suministro | D17: Defectos (%) | E17: Existencias disponibles | F17: Lote pedido
A18: P1 | B18: 50 | C18: 1 | D18: 0 | E18: 70 | F18: 1
A19: P2 | B19: 100 | C19: 1 | D19: 0 | E19: 120 | F19: 1
A20: S11 | B20: 0 | C20: 2 | D20: 0 | E20: 20 | F20: 100
A21: S12 | B21: 30 | C21: 2 | D21: 5 | E21: 20 | F21: 50
A22: S13 | B22: 0 | C22: 1 | D22: 10 | E22: 50 | F22: 75
A23: C1 | B23: 100 | C23: 1 | D23: 10 | E23: 50 | F23: 4
A24: C2 | B24: 100 | C24: 2 | D24: 10 | E24: 50 | F24: 12
A25: C3 | B25: 50 | C25: 1 | D25: 5 | E25: 150 | F25: 100
A26: C4 | B26: 75 | C26: 1 | D26: 15 | E26: 100 | F26: 75
A27: C5 | B27: 50 | C27: 2 | D27: 5 | E27: 10 | F27: 15
A29: El stock de seguridad (SS) del que debemos disponer.
A30: El tiempo de suministro en el que podemos contar con ellos, desde que se lanza su pedido a proveedores o su orden de trabajo (OT) a planta.
A31: El % de defectuosos que recibimos o fabricamos y deben ser desestimados a nivel productivo y/o comercial.
A32: Las existencias disponibles al lanzamiento del Plan, es decir, en el momento que se necesitan.
A33: El lote pedido establece el lote de uds. que configura el pedido, es decir, debemos elaborar pedidos u orden de trabajo (OT) que sean múltiplos de dichas cantidades.
A35: PRINCIPIO BASE
A37: Demanda de componentes discreta y discontinua: los productos se fabrican por lotes, y a medida que dicho lote avanza en su fabricación, se demandan sus componentes en momentos y cantidades concretas.
A38: El cumplimiento del PMP y la llegada de las compras, hace que se actualice el Registro de Inventario y el propio PMP.

Sheet Datos de Entrada (2)
A2: NIVEL 1 | H2: P1
A5: NIVEL 2 | F5: S11 | G5: 1
A8: NIVEL 3 | D8: C1 | E8: 1 | G8: C4 | H8: 2 | J8: C3 | K8: 1
A15: NIVEL 1 | H15: P2
A18: NIVEL 2 | C18: S12 | D18: 2 | G18: S13 | H18: 1
A21: NIVEL 3 | E21: C3 | F21: 3 | H21: C4 | I21: 2 | K21: C2 | L21: 1
A24: NIVEL 4 | C24: C5 | D24: 2 | H24: C5 | I24: 1

Sheet LANZ PP
A1: Informe de Explosión de Necesidades de un sistema MRP-I
A2: Planificación de Necesidades de Materiales (MRP) (LANZ PP)
B4: HOY
B5: LANZ PP | R5: SEMANA
A6: PRODUCTO | B6: 1 | C6: 2 | D6: 3 | E6: 4 | F6: 5 | G6: 6 | H6: 7 | I6: 8 | J6: 9 | K6: 10 | L6: 11 | M6: 12 | N6: 13 | O6: 14 | P6: 15 | Q6: 16 | R6: 17 | S6: 18 | T6: 19 | U6: 20
A7: P1 | B7: =B25 -> 0 | C7: =C25 -> 0 | D7: =D25 -> 0 | E7: =E25 -> 0 | F7: =F25 -> 0 | G7: =G25 -> 0 | H7: =H25 -> 0 | I7: =I25 -> 0 | ... U7: =U25 -> 0
A8: P2 | B8: =B34 -> 0 | C8: =C34 -> 0 | D8: =D34 -> 0 | E8: =E34 -> 0 | F8: =F34 -> 0 | G8: =G34 -> 0 | H8: =H34 -> 0 | I8: =I34 -> 0 | ... U8: =U34 -> 0
A9: S11 | B9: =B43 -> 0 | C9: =C43 -> 0 | D9: =D43 -> 0 | E9: =E43 -> 0 | F9: =F43 -> 0 | G9: =G43 -> 0 | H9: =H43 -> 0 | I9: =I43 -> 0 | ... U9: =U43 -> 0
A10: S12 | B10: =B52 -> 0 | C10: =C52 -> 0 | D10: =D52 -> 0 | E10: =E52 -> 0 | F10: =F52 -> 0 | G10: =G52 -> 0 | H10: =H52 -> 0 | I10: =I52 -> 0 | ... U10: =U52 -> 0
A11: S13 | B11: =B61 -> 0 | C11: =C61 -> 0 | D11: =D61 -> 0 | E11: =E61 -> 0 | F11: =F61 -> 0 | G11: =G61 -> 0 | H11: =H61 -> 0 | I11: =I61 -> 0 | ... U11: =U61 -> 0
A12: C1 | B12: =B70 -> 0 | C12: =C70 -> 0 | D12: =D70 -> 0 | E12: =E70 -> 0 | F12: =F70 -> 0 | G12: =G70 -> 0 | H12: =H70 -> 0 | I12: =I70 -> 0 | ... U12: =U70 -> 0
A13: C2 | B13: =B79 -> 0 | C13: =C79 -> 0 | D13: =D79 -> 0 | E13: =E79 -> 0 | F13: =F79 -> 0 | G13: =G79 -> 0 | H13: =H79 -> 0 | I13: =I79 -> 0 | ... U13: =U79 -> 0
A14: C3 | B14: =B88 -> 0 | C14: =C88 -> 0 | D14: =D88 -> 0 | E14: =E88 -> 0 | F14: =F88 -> 0 | G14: =G88 -> 0 | H14: =H88 -> 0 | I14: =I88 -> 0 | ... U14: =U88 -> 0
A15: C4 | B15: =B97 -> 0 | C15: =C97 -> 0 | D15: =D97 -> 0 | E15: =E97 -> 0 | F15: =F97 -> 0 | G15: =G97 -> 0 | H15: =H97 -> 0 | I15: =I97 -> 0 | ... U15: =U97 -> 0
A16: C5 | B16: =B106 -> 0 | C16: =C106 -> 0 | D16: =D106 -> 0 | E16: =E106 -> 0 | F16: =F106 -> 0 | G16: =G106 -> 0 | H16: =H106 -> 0 | I16: =I106 -> 0 | ... U16: =U106 -> 0
A18: P1 | B18: 1 | C18: 2 | D18: 3 | E18: 4 | F18: 5 | G18: 6 | H18: 7 | I18: 8 | J18: 9 | K18: 10 | L18: 11 | M18: 12 | N18: 13 | O18: 14 | P18: 15 | Q18: 16 | R18: 17 | S18: 18 | T18: 19 | U18: 20
A19: NB | R19: ='Datos de Entrada (1)'!B7 -> 100 | S19: ='Datos de Entrada (1)'!C7 -> 80 | T19: ='Datos de Entrada (1)'!D7 -> 100 | U19: ='Datos de Entrada (1)'!E7 -> 120
A20: EXITS | B20: ='Datos de Entrada (1)'!$E$18 -> 70 | C20: =B20+B24-B19 -> 70 | D20: =C20+C24-C19 -> 70 | E20: =D20+D24-D19 -> 70 | F20: =E20+E24-E19 -> 70 | G20: =F20+F24-F19 -> 70 | H20: =G20+G24-G19 -> 70 | I20: =H20+H24-H19 -> 70 | J20: =I20+I24-I19 -> 70 | ... U20: =T20+T24-T19 -> 50
A21: NN | B21: =IF(B19=0,0,MAX(0,B19+'Datos de Entrada (1)'!$B$18-'LANZ PP'!B20)) -> 0 | C21: =IF(C19=0,0,MAX(0,C19+'Datos de Entrada (1)'!$B$18-'LANZ PP'!C20)) -> 0 | D21: =IF(D19=0,0,MAX(0,D19+'Datos de Entrada (1)'!$B$18-'LANZ PP'!D20)) -> 0 | E21: =IF(E19=0,0,MAX(0,E19+'Datos de Entrada (1)'!$B$18-'LANZ PP'!E20)) -> 0 | F21: =IF(F19=0,0,MAX(0,F19+'Datos de Entrada (1)'!$B$18-'LANZ PP'!F20)) -> 0 | G21: =IF(G19=0,0,MAX(0,G19+'Datos de Entrada (1)'!$B$18-'LANZ PP'!G20)) -> 0 | H21: =IF(H19=0,0,MAX(0,H19+'Datos de Entrada (1)'!$B$18-'LANZ PP'!H20)) -> 0 | I21: =IF(I19=0,0,MAX(0,I19+'Datos de Entrada (1)'!$B$18-'LANZ PP'!I20)) -> 0 | ... U21: =IF(U19=0,0,MAX(0,U19+'Datos de Entrada (1)'!$B$18-'LANZ PP'!U20)) -> 120
A22: AUXILIAR (NN, CON DEFECTOS) | B22: =ROUNDUP(B21/(1-('Datos de Entrada (1)'!$D$18/100)),0) -> 0 | C22: =ROUNDUP(C21/(1-('Datos de Entrada (1)'!$D$18/100)),0) -> 0 | D22: =ROUNDUP(D21/(1-('Datos de Entrada (1)'!$D$18/100)),0) -> 0 | E22: =ROUNDUP(E21/(1-('Datos de Entrada (1)'!$D$18/100)),0) -> 0 | F22: =ROUNDUP(F21/(1-('Datos de Entrada (1)'!$D$18/100)),0) -> 0 | G22: =ROUNDUP(G21/(1-('Datos de Entrada (1)'!$D$18/100)),0) -> 0 | H22: =ROUNDUP(H21/(1-('Datos de Entrada (1)'!$D$18/100)),0) -> 0 | I22: =ROUNDUP(I21/(1-('Datos de Entrada (1)'!$D$18/100)),0) -> 0 | ... U22: =ROUNDUP(U21/(1-('Datos de Entrada (1)'!$D$18/100)),0) -> 120
A23: RPP | B23: =ROUNDUP(B22/'Datos de Entrada (1)'!$F$18,0)*'Datos de Entrada (1)'!$F$18 -> 0 | C23: =ROUNDUP(C22/'Datos de Entrada (1)'!$F$18,0)*'Datos de Entrada (1)'!$F$18 -> 0 | D23: =ROUNDUP(D22/'Datos de Entrada (1)'!$F$18,0)*'Datos de Entrada (1)'!$F$18 -> 0 | E23: =ROUNDUP(E22/'Datos de Entrada (1)'!$F$18,0)*'Datos de Entrada (1)'!$F$18 -> 0 | F23: =ROUNDUP(F22/'Datos de Entrada (1)'!$F$18,0)*'Datos de Entrada (1)'!$F$18 -> 0 | G23: =ROUNDUP(G22/'Datos de Entrada (1)'!$F$18,0)*'Datos de Entrada (1)'!$F$18 -> 0 | H23: =ROUNDUP(H22/'Datos de Entrada (1)'!$F$18,0)*'Datos de Entrada (1)'!$F$18 -> 0 | I23: =ROUNDUP(I22/'Datos de Entrada (1)'!$F$18,0)*'Datos de Entrada (1)'!$F$18 -> 0 | ... U23: =ROUNDUP(U22/'Datos de Entrada (1)'!$F$18,0)*'Datos de Entrada (1)'!$F$18 -> 120
A24: AUXILIAR 3 (CORRECTAS) | B24: =ROUNDDOWN(B23*(1-('Datos de Entrada (1)'!$D$18/100)),0) -> 0 | C24: =ROUNDDOWN(C23*(1-('Datos de Entrada (1)'!$D$18/100)),0) -> 0 | D24: =ROUNDDOWN(D23*(1-('Datos de Entrada (1)'!$D$18/100)),0) -> 0 | E24: =ROUNDDOWN(E23*(1-('Datos de Entrada (1)'!$D$18/100)),0) -> 0 | F24: =ROUNDDOWN(F23*(1-('Datos de Entrada (1)'!$D$18/100)),0) -> 0 | G24: =ROUNDDOWN(G23*(1-('Datos de Entrada (1)'!$D$18/100)),0) -> 0 | H24: =ROUNDDOWN(H23*(1-('Datos de Entrada (1)'!$D$18/100)),0) -> 0 | I24: =ROUNDDOWN(I23*(1-('Datos de Entrada (1)'!$D$18/100)),0) -> 0 | ... U24: =ROUNDDOWN(U23*(1-('Datos de Entrada (1)'!$D$18/100)),0) -> 120
A25: LANZ PP (EN CUENTA DEF. Y LOTE) | B25: =OFFSET(B23,0,'Datos de Entrada (1)'!$C$18) -> 0 | C25: =OFFSET(C23,0,'Datos de Entrada (1)'!$C$18) -> 0 | D25: =OFFSET(D23,0,'Datos de Entrada (1)'!$C$18) -> 0 | E25: =OFFSET(E23,0,'Datos de Entrada (1)'!$C$18) -> 0 | F25: =OFFSET(F23,0,'Datos de Entrada (1)'!$C$18) -> 0 | G25: =OFFSET(G23,0,'Datos de Entrada (1)'!$C$18) -> 0 | H25: =OFFSET(H23,0,'Datos de Entrada (1)'!$C$18) -> 0 | I25: =OFFSET(I23,0,'Datos de Entrada (1)'!$C$18) -> 0 | ... U25: =OFFSET(U23,0,'Datos de Entrada (1)'!$C$18) -> 0
A27: P2 | B27: 1 | C27: 2 | D27: 3 | E27: 4 | F27: 5 | G27: 6 | H27: 7 | I27: 8 | J27: 9 | K27: 10 | L27: 11 | M27: 12 | N27: 13 | O27: 14 | P27: 15 | Q27: 16 | R27: 17 | S27: 18 | T27: 19 | U27: 20
A28: NB | R28: ='Datos de Entrada (1)'!B8 -> 200 | S28: ='Datos de Entrada (1)'!C8 -> 200 | T28: ='Datos de Entrada (1)'!D8 -> 200 | U28: ='Datos de Entrada (1)'!E8 -> 250
A29: EXITS | B29: ='Datos de Entrada (1)'!$E$19 -> 120 | C29: =B29+B33-B28 -> 120 | D29: =C29+C33-C28 -> 120 | E29: =D29+D33-D28 -> 120 | F29: =E29+E33-E28 -> 120 | G29: =F29+F33-F28 -> 120 | H29: =G29+G33-G28 -> 120 | I29: =H29+H33-H28 -> 120 | J29: =I29+I33-I28 -> 120 | ... U29: =T29+T33-T28 -> 100
A30: NN | B30: =IF(B28=0,0,MAX(0,B28+'Datos de Entrada (1)'!$B$19-'LANZ PP'!B29)) -> 0 | C30: =IF(C28=0,0,MAX(0,C28+'Datos de Entrada (1)'!$B$19-'LANZ PP'!C29)) -> 0 | D30: =IF(D28=0,0,MAX(0,D28+'Datos de Entrada (1)'!$B$19-'LANZ PP'!D29)) -> 0 | E30: =IF(E28=0,0,MAX(0,E28+'Datos de Entrada (1)'!$B$19-'LANZ PP'!E29)) -> 0 | F30: =IF(F28=0,0,MAX(0,F28+'Datos de Entrada (1)'!$B$19-'LANZ PP'!F29)) -> 0 | G30: =IF(G28=0,0,MAX(0,G28+'Datos de Entrada (1)'!$B$19-'LANZ PP'!G29)) -> 0 | H30: =IF(H28=0,0,MAX(0,H28+'Datos de Entrada (1)'!$B$19-'LANZ PP'!H29)) -> 0 | I30: =IF(I28=0,0,MAX(0,I28+'Datos de Entrada (1)'!$B$19-'LANZ PP'!I29)) -> 0 | ... U30: =IF(U28=0,0,MAX(0,U28+'Datos de Entrada (1)'!$B$19-'LANZ PP'!U29)) -> 250
A31: AUXILIAR (NN, CON DEFECTOS) | B31: =ROUNDUP(B30/(1-('Datos de Entrada (1)'!$D$19/100)),0) -> 0 | C31: =ROUNDUP(C30/(1-('Datos de Entrada (1)'!$D$19/100)),0) -> 0 | D31: =ROUNDUP(D30/(1-('Datos de Entrada (1)'!$D$19/100)),0) -> 0 | E31: =ROUNDUP(E30/(1-('Datos de Entrada (1)'!$D$19/100)),0) -> 0 | F31: =ROUNDUP(F30/(1-('Datos de Entrada (1)'!$D$19/100)),0) -> 0 | G31: =ROUNDUP(G30/(1-('Datos de Entrada (1)'!$D$19/100)),0) -> 0 | H31: =ROUNDUP(H30/(1-('Datos de Entrada (1)'!$D$19/100)),0) -> 0 | I31: =ROUNDUP(I30/(1-('Datos de Entrada (1)'!$D$19/100)),0) -> 0 | ... U31: =ROUNDUP(U30/(1-('Datos de Entrada (1)'!$D$19/100)),0) -> 250
A32: RPP | B32: =ROUNDUP(B31/'Datos de Entrada (1)'!$F$19,0)*'Datos de Entrada (1)'!$F$19 -> 0 | C32: =ROUNDUP(C31/'Datos de Entrada (1)'!$F$19,0)*'Datos de Entrada (1)'!$F$19 -> 0 | D32: =ROUNDUP(D31/'Datos de Entrada (1)'!$F$19,0)*'Datos de Entrada (1)'!$F$19 -> 0 | E32: =ROUNDUP(E31/'Datos de Entrada (1)'!$F$19,0)*'Datos de Entrada (1)'!$F$19 -> 0 | F32: =ROUNDUP(F31/'Datos de Entrada (1)'!$F$19,0)*'Datos de Entrada (1)'!$F$19 -> 0 | G32: =ROUNDUP(G31/'Datos de Entrada (1)'!$F$19,0)*'Datos de Entrada (1)'!$F$19 -> 0 | H32: =ROUNDUP(H31/'Datos de Entrada (1)'!$F$19,0)*'Datos de Entrada (1)'!$F$19 -> 0 | I32: =ROUNDUP(I31/'Datos de Entrada (1)'!$F$19,0)*'Datos de Entrada (1)'!$F$19 -> 0 | ... U32: =ROUNDUP(U31/'Datos de Entrada (1)'!$F$19,0)*'Datos de Entrada (1)'!$F$19 -> 250
A33: AUXILIAR 3 (CORRECTAS) | B33: =ROUNDDOWN(B32*(1-('Datos de Entrada (1)'!$D$19/100)),0) -> 0 | C33: =ROUNDDOWN(C32*(1-('Datos de Entrada (1)'!$D$19/100)),0) -> 0 | D33: =ROUNDDOWN(D32*(1-('Datos de Entrada (1)'!$D$19/100)),0) -> 0 | E33: =ROUNDDOWN(E32*(1-('Datos de Entrada (1)'!$D$19/100)),0) -> 0 | F33: =ROUNDDOWN(F32*(1-('Datos de Entrada (1)'!$D$19/100)),0) -> 0 | G33: =ROUNDDOWN(G32*(1-('Datos de Entrada (1)'!$D$19/100)),0) -> 0 | H33: =ROUNDDOWN(H32*(1-('Datos de Entrada (1)'!$D$19/100)),0) -> 0 | I33: =ROUNDDOWN(I32*(1-('Datos de Entrada (1)'!$D$19/100)),0) -> 0 | ... U33: =ROUNDDOWN(U32*(1-('Datos de Entrada (1)'!$D$19/100)),0) -> 250
A34: LANZ PP (EN CUENTA DEF. Y LOTE) | B34: =OFFSET(B32,0,'Datos de Entrada (1)'!$C$19) -> 0 | C34: =OFFSET(C32,0,'Datos de Entrada (1)'!$C$19) -> 0 | D34: =OFFSET(D32,0,'Datos de Entrada (1)'!$C$19) -> 0 | E34: =OFFSET(E32,0,'Datos de Entrada (1)'!$C$19) -> 0 | F34: =OFFSET(F32,0,'Datos de Entrada (1)'!$C$19) -> 0 | G34: =OFFSET(G32,0,'Datos de Entrada (1)'!$C$19) -> 0 | H34: =OFFSET(H32,0,'Datos de Entrada (1)'!$C$19) -> 0 | I34: =OFFSET(I32,0,'Datos de Entrada (1)'!$C$19) -> 0 | ... U34: =OFFSET(U32,0,'Datos de Entrada (1)'!$C$19) -> 0
A36: S11 | B36: 1 | C36: 2 | D36: 3 | E36: 4 | F36: 5 | G36: 6 | H36: 7 | I36: 8 | J36: 9 | K36: 10 | L36: 11 | M36: 12 | N36: 13 | O36: 14 | P36: 15 | Q36: 16 | R36: 17 | S36: 18 | T36: 19 | U36: 20
A37: NB | B37: ='Datos de Entrada (2)'!$G$5*'LANZ PP'!B25 -> 0 | C37: ='Datos de Entrada (2)'!$G$5*'LANZ PP'!C25 -> 0 | D37: ='Datos de Entrada (2)'!$G$5*'LANZ PP'!D25 -> 0 | E37: ='Datos de Entrada (2)'!$G$5*'LANZ PP'!E25 -> 0 | F37: ='Datos de Entrada (2)'!$G$5*'LANZ PP'!F25 -> 0 | G37: ='Datos de Entrada (2)'!$G$5*'LANZ PP'!G25 -> 0 | H37: ='Datos de Entrada (2)'!$G$5*'LANZ PP'!H25 -> 0 | I37: ='Datos de Entrada (2)'!$G$5*'LANZ PP'!I25 -> 0 | ... U37: ='Datos de Entrada (2)'!$G$5*'LANZ PP'!U25 -> 0
A38: EXITS | B38: ='Datos de Entrada (1)'!$E$20 -> 20 | C38: =B38+B42-B37 -> 20 | D38: =C38+C42-C37 -> 20 | E38: =D38+D42-D37 -> 20 | F38: =E38+E42-E37 -> 20 | G38: =F38+F42-F37 -> 20 | H38: =G38+G42-G37 -> 20 | I38: =H38+H42-H37 -> 20 | J38: =I38+I42-I37 -> 20 | ... U38: =T38+T42-T37 -> 40
A39: NN | B39: =IF(B37=0,0,MAX(0,B37+'Datos de Entrada (1)'!$B$20-'LANZ PP'!B38)) -> 0 | C39: =IF(C37=0,0,MAX(0,C37+'Datos de Entrada (1)'!$B$20-'LANZ PP'!C38)) -> 0 | D39: =IF(D37=0,0,MAX(0,D37+'Datos de Entrada (1)'!$B$20-'LANZ PP'!D38)) -> 0 | E39: =IF(E37=0,0,MAX(0,E37+'Datos de Entrada (1)'!$B$20-'LANZ PP'!E38)) -> 0 | F39: =IF(F37=0,0,MAX(0,F37+'Datos de Entrada (1)'!$B$20-'LANZ PP'!F38)) -> 0 | G39: =IF(G37=0,0,MAX(0,G37+'Datos de Entrada (1)'!$B$20-'LANZ PP'!G38)) -> 0 | H39: =IF(H37=0,0,MAX(0,H37+'Datos de Entrada (1)'!$B$20-'LANZ PP'!H38)) -> 0 | I39: =IF(I37=0,0,MAX(0,I37+'Datos de Entrada (1)'!$B$20-'LANZ PP'!I38)) -> 0 | ... U39: =IF(U37=0,0,MAX(0,U37+'Datos de Entrada (1)'!$B$20-'LANZ PP'!U38)) -> 0
A40: AUXILIAR (NN, CON DEFECTOS) | B40: =ROUNDUP(B39/(1-('Datos de Entrada (1)'!$D$20/100)),0) -> 0 | C40: =ROUNDUP(C39/(1-('Datos de Entrada (1)'!$D$20/100)),0) -> 0 | D40: =ROUNDUP(D39/(1-('Datos de Entrada (1)'!$D$20/100)),0) -> 0 | E40: =ROUNDUP(E39/(1-('Datos de Entrada (1)'!$D$20/100)),0) -> 0 | F40: =ROUNDUP(F39/(1-('Datos de Entrada (1)'!$D$20/100)),0) -> 0 | G40: =ROUNDUP(G39/(1-('Datos de Entrada (1)'!$D$20/100)),0) -> 0 | H40: =ROUNDUP(H39/(1-('Datos de Entrada (1)'!$D$20/100)),0) -> 0 | I40: =ROUNDUP(I39/(1-('Datos de Entrada (1)'!$D$20/100)),0) -> 0 | ... U40: =ROUNDUP(U39/(1-('Datos de Entrada (1)'!$D$20/100)),0) -> 0
A41: RPP | B41: =ROUNDUP(B40/'Datos de Entrada (1)'!$F$20,0)*'Datos de Entrada (1)'!$F$20 -> 0 | C41: =ROUNDUP(C40/'Datos de Entrada (1)'!$F$20,0)*'Datos de Entrada (1)'!$F$20 -> 0 | D41: =ROUNDUP(D40/'Datos de Entrada (1)'!$F$20,0)*'Datos de Entrada (1)'!$F$20 -> 0 | E41: =ROUNDUP(E40/'Datos de Entrada (1)'!$F$20,0)*'Datos de Entrada (1)'!$F$20 -> 0 | F41: =ROUNDUP(F40/'Datos de Entrada (1)'!$F$20,0)*'Datos de Entrada (1)'!$F$20 -> 0 | G41: =ROUNDUP(G40/'Datos de Entrada (1)'!$F$20,0)*'Datos de Entrada (1)'!$F$20 -> 0 | H41: =ROUNDUP(H40/'Datos de Entrada (1)'!$F$20,0)*'Datos de Entrada (1)'!$F$20 -> 0 | I41: =ROUNDUP(I40/'Datos de Entrada (1)'!$F$20,0)*'Datos de Entrada (1)'!$F$20 -> 0 | ... U41: =ROUNDUP(U40/'Datos de Entrada (1)'!$F$20,0)*'Datos de Entrada (1)'!$F$20 -> 0
A42: AUXILIAR 3 (CORRECTAS) | B42: =ROUNDDOWN(B41*(1-('Datos de Entrada (1)'!$D$20/100)),0) -> 0 | C42: =ROUNDDOWN(C41*(1-('Datos de Entrada (1)'!$D$20/100)),0) -> 0 | D42: =ROUNDDOWN(D41*(1-('Datos de Entrada (1)'!$D$20/100)),0) -> 0 | E42: =ROUNDDOWN(E41*(1-('Datos de Entrada (1)'!$D$20/100)),0) -> 0 | F42: =ROUNDDOWN(F41*(1-('Datos de Entrada (1)'!$D$20/100)),0) -> 0 | G42: =ROUNDDOWN(G41*(1-('Datos de Entrada (1)'!$D$20/100)),0) -> 0 | H42: =ROUNDDOWN(H41*(1-('Datos de Entrada (1)'!$D$20/100)),0) -> 0 | I42: =ROUNDDOWN(I41*(1-('Datos de Entrada (1)'!$D$20/100)),0) -> 0 | ... U42: =ROUNDDOWN(U41*(1-('Datos de Entrada (1)'!$D$20/100)),0) -> 0
A43: LANZ PP (EN CUENTA DEF. Y LOTE) | B43: =OFFSET(B41,0,'Datos de Entrada (1)'!$C$20) -> 0 | C43: =OFFSET(C41,0,'Datos de Entrada (1)'!$C$20) -> 0 | D43: =OFFSET(D41,0,'Datos de Entrada (1)'!$C$20) -> 0 | E43: =OFFSET(E41,0,'Datos de Entrada (1)'!$C$20) -> 0 | F43: =OFFSET(F41,0,'Datos de Entrada (1)'!$C$20) -> 0 | G43: =OFFSET(G41,0,'Datos de Entrada (1)'!$C$20) -> 0 | H43: =OFFSET(H41,0,'Datos de Entrada (1)'!$C$20) -> 0 | I43: =OFFSET(I41,0,'Datos de Entrada (1)'!$C$20) -> 0 | ... U43: =OFFSET(U41,0,'Datos de Entrada (1)'!$C$20) -> 0
A45: S12 | B45: 1 | C45: 2 | D45: 3 | E45: 4 | F45: 5 | G45: 6 | H45: 7 | I45: 8 | J45: 9 | K45: 10 | L45: 11 | M45: 12 | N45: 13 | O45: 14 | P45: 15 | Q45: 16 | R45: 17 | S45: 18 | T45: 19 | U45: 20
A46: NB | B46: ='Datos de Entrada (2)'!$D$18*'LANZ PP'!B34 -> 0 | C46: ='Datos de Entrada (2)'!$D$18*'LANZ PP'!C34 -> 0 | D46: ='Datos de Entrada (2)'!$D$18*'LANZ PP'!D34 -> 0 | E46: ='Datos de Entrada (2)'!$D$18*'LANZ PP'!E34 -> 0 | F46: ='Datos de Entrada (2)'!$D$18*'LANZ PP'!F34 -> 0 | G46: ='Datos de Entrada (2)'!$D$18*'LANZ PP'!G34 -> 0 | H46: ='Datos de Entrada (2)'!$D$18*'LANZ PP'!H34 -> 0 | I46: ='Datos de Entrada (2)'!$D$18*'LANZ PP'!I34 -> 0 | ... U46: ='Datos de Entrada (2)'!$D$18*'LANZ PP'!U34 -> 0
A47: EXITS | B47: ='Datos de Entrada (1)'!$E$21 -> 20 | C47: =B47+B51-B46 -> 20 | D47: =C47+C51-C46 -> 20 | E47: =D47+D51-D46 -> 20 | F47: =E47+E51-E46 -> 20 | G47: =F47+F51-F46 -> 20 | H47: =G47+G51-G46 -> 20 | I47: =H47+H51-H46 -> 20 | J47: =I47+I51-I46 -> 20 | ... U47: =T47+T51-T46 -> 69
A48: NN | B48: =IF(B46=0,0,MAX(0,B46+'Datos de Entrada (1)'!$B$21-'LANZ PP'!B47)) -> 0 | C48: =IF(C46=0,0,MAX(0,C46+'Datos de Entrada (1)'!$B$21-'LANZ PP'!C47)) -> 0 | D48: =IF(D46=0,0,MAX(0,D46+'Datos de Entrada (1)'!$B$21-'LANZ PP'!D47)) -> 0 | E48: =IF(E46=0,0,MAX(0,E46+'Datos de Entrada (1)'!$B$21-'LANZ PP'!E47)) -> 0 | F48: =IF(F46=0,0,MAX(0,F46+'Datos de Entrada (1)'!$B$21-'LANZ PP'!F47)) -> 0 | G48: =IF(G46=0,0,MAX(0,G46+'Datos de Entrada (1)'!$B$21-'LANZ PP'!G47)) -> 0 | H48: =IF(H46=0,0,MAX(0,H46+'Datos de Entrada (1)'!$B$21-'LANZ PP'!H47)) -> 0 | I48: =IF(I46=0,0,MAX(0,I46+'Datos de Entrada (1)'!$B$21-'LANZ PP'!I47)) -> 0 | ... U48: =IF(U46=0,0,MAX(0,U46+'Datos de Entrada (1)'!$B$21-'LANZ PP'!U47)) -> 0
A49: AUXILIAR (NN, CON DEFECTOS) | B49: =ROUNDUP(B48/(1-('Datos de Entrada (1)'!$D$21/100)),0) -> 0 | C49: =ROUNDUP(C48/(1-('Datos de Entrada (1)'!$D$21/100)),0) -> 0 | D49: =ROUNDUP(D48/(1-('Datos de Entrada (1)'!$D$21/100)),0) -> 0 | E49: =ROUNDUP(E48/(1-('Datos de Entrada (1)'!$D$21/100)),0) -> 0 | F49: =ROUNDUP(F48/(1-('Datos de Entrada (1)'!$D$21/100)),0) -> 0 | G49: =ROUNDUP(G48/(1-('Datos de Entrada (1)'!$D$21/100)),0) -> 0 | H49: =ROUNDUP(H48/(1-('Datos de Entrada (1)'!$D$21/100)),0) -> 0 | I49: =ROUNDUP(I48/(1-('Datos de Entrada (1)'!$D$21/100)),0) -> 0 | ... U49: =ROUNDUP(U48/(1-('Datos de Entrada (1)'!$D$21/100)),0) -> 0
A50: RPP | B50: =ROUNDUP(B49/'Datos de Entrada (1)'!$F$21,0)*'Datos de Entrada (1)'!$F$21 -> 0 | C50: =ROUNDUP(C49/'Datos de Entrada (1)'!$F$21,0)*'Datos de Entrada (1)'!$F$21 -> 0 | D50: =ROUNDUP(D49/'Datos de Entrada (1)'!$F$21,0)*'Datos de Entrada (1)'!$F$21 -> 0 | E50: =ROUNDUP(E49/'Datos de Entrada (1)'!$F$21,0)*'Datos de Entrada (1)'!$F$21 -> 0 | F50: =ROUNDUP(F49/'Datos de Entrada (1)'!$F$21,0)*'Datos de Entrada (1)'!$F$21 -> 0 | G50: =ROUNDUP(G49/'Datos de Entrada (1)'!$F$21,0)*'Datos de Entrada (1)'!$F$21 -> 0 | H50: =ROUNDUP(H49/'Datos de Entrada (1)'!$F$21,0)*'Datos de Entrada (1)'!$F$21 -> 0 | I50: =ROUNDUP(I49/'Datos de Entrada (1)'!$F$21,0)*'Datos de Entrada (1)'!$F$21 -> 0 | ... U50: =ROUNDUP(U49/'Datos de Entrada (1)'!$F$21,0)*'Datos de Entrada (1)'!$F$21 -> 0
A51: AUXILIAR 3 (CORRECTAS) | B51: =ROUNDDOWN(B50*(1-('Datos de Entrada (1)'!$D$21/100)),0) -> 0 | C51: =ROUNDDOWN(C50*(1-('Datos de Entrada (1)'!$D$21/100)),0) -> 0 | D51: =ROUNDDOWN(D50*(1-('Datos de Entrada (1)'!$D$21/100)),0) -> 0 | E51: =ROUNDDOWN(E50*(1-('Datos de Entrada (1)'!$D$21/100)),0) -> 0 | F51: =ROUNDDOWN(F50*(1-('Datos de Entrada (1)'!$D$21/100)),0) -> 0 | G51: =ROUNDDOWN(G50*(1-('Datos de Entrada (1)'!$D$21/100)),0) -> 0 | H51: =ROUNDDOWN(H50*(1-('Datos de Entrada (1)'!$D$21/100)),0) -> 0 | I51: =ROUNDDOWN(I50*(1-('Datos de Entrada (1)'!$D$21/100)),0) -> 0 | ... U51: =ROUNDDOWN(U50*(1-('Datos de Entrada (1)'!$D$21/100)),0) -> 0
A52: LANZ PP (EN CUENTA DEF. Y LOTE) | B52: =OFFSET(B50,0,'Datos de Entrada (1)'!$C$21) -> 0 | C52: =OFFSET(C50,0,'Datos de Entrada (1)'!$C$21) -> 0 | D52: =OFFSET(D50,0,'Datos de Entrada (1)'!$C$21) -> 0 | E52: =OFFSET(E50,0,'Datos de Entrada (1)'!$C$21) -> 0 | F52: =OFFSET(F50,0,'Datos de Entrada (1)'!$C$21) -> 0 | G52: =OFFSET(G50,0,'Datos de Entrada (1)'!$C$21) -> 0 | H52: =OFFSET(H50,0,'Datos de Entrada (1)'!$C$21) -> 0 | I52: =OFFSET(I50,0,'Datos de Entrada (1)'!$C$21) -> 0 | ... U52: =OFFSET(U50,0,'Datos de Entrada (1)'!$C$21) -> 0
A54: S13 | B54: 1 | C54: 2 | D54: 3 | E54: 4 | F54: 5 | G54: 6 | H54: 7 | I54: 8 | J54: 9 | K54: 10 | L54: 11 | M54: 12 | N54: 13 | O54: 14 | P54: 15 | Q54: 16 | R54: 17 | S54: 18 | T54: 19 | U54: 20
A55: NB | B55: ='Datos de Entrada (2)'!$H$18*'LANZ PP'!B34 -> 0 | C55: ='Datos de Entrada (2)'!$H$18*'LANZ PP'!C34 -> 0 | D55: ='Datos de Entrada (2)'!$H$18*'LANZ PP'!D34 -> 0 | E55: ='Datos de Entrada (2)'!$H$18*'LANZ PP'!E34 -> 0 | F55: ='Datos de Entrada (2)'!$H$18*'LANZ PP'!F34 -> 0 | G55: ='Datos de Entrada (2)'!$H$18*'LANZ PP'!G34 -> 0 | H55: ='Datos de Entrada (2)'!$H$18*'LANZ PP'!H34 -> 0 | I55: ='Datos de Entrada (2)'!$H$18*'LANZ PP'!I34 -> 0 | ... U55: ='Datos de Entrada (2)'!$H$18*'LANZ PP'!U34 -> 0
A56: EXITS | B56: ='Datos de Entrada (1)'!$E$22 -> 50 | C56: =B56+C59-B55 -> 50 | D56: =C56+C60-C55 -> 50 | E56: =D56+D60-D55 -> 50 | F56: =E56+E60-E55 -> 50 | G56: =F56+F60-F55 -> 50 | H56: =G56+G60-G55 -> 50 | I56: =H56+H60-H55 -> 50 | J56: =I56+I60-I55 -> 50 | K56: =J56+J60-J55 -> 50 | ... U56: =T56+T60-T55 -> 29
A57: NN | B57: =IF(B55=0,0,MAX(0,B55+'Datos de Entrada (1)'!$B$22-'LANZ PP'!B56)) -> 0 | C57: =IF(C55=0,0,MAX(0,C55+'Datos de Entrada (1)'!$B$22-'LANZ PP'!C56)) -> 0 | D57: =IF(D55=0,0,MAX(0,D55+'Datos de Entrada (1)'!$B$22-'LANZ PP'!D56)) -> 0 | E57: =IF(E55=0,0,MAX(0,E55+'Datos de Entrada (1)'!$B$22-'LANZ PP'!E56)) -> 0 | F57: =IF(F55=0,0,MAX(0,F55+'Datos de Entrada (1)'!$B$22-'LANZ PP'!F56)) -> 0 | G57: =IF(G55=0,0,MAX(0,G55+'Datos de Entrada (1)'!$B$22-'LANZ PP'!G56)) -> 0 | H57: =IF(H55=0,0,MAX(0,H55+'Datos de Entrada (1)'!$B$22-'LANZ PP'!H56)) -> 0 | I57: =IF(I55=0,0,MAX(0,I55+'Datos de Entrada (1)'!$B$22-'LANZ PP'!I56)) -> 0 | ... U57: =IF(U55=0,0,MAX(0,U55+'Datos de Entrada (1)'!$B$22-'LANZ PP'!U56)) -> 0
A58: AUXILIAR (NN, CON DEFECTOS) | B58: =ROUNDUP(B57/(1-('Datos de Entrada (1)'!$D$22/100)),0) -> 0 | C58: =ROUNDUP(C57/(1-('Datos de Entrada (1)'!$D$22/100)),0) -> 0 | D58: =ROUNDUP(D57/(1-('Datos de Entrada (1)'!$D$22/100)),0) -> 0 | E58: =ROUNDUP(E57/(1-('Datos de Entrada (1)'!$D$22/100)),0) -> 0 | F58: =ROUNDUP(F57/(1-('Datos de Entrada (1)'!$D$22/100)),0) -> 0 | G58: =ROUNDUP(G57/(1-('Datos de Entrada (1)'!$D$22/100)),0) -> 0 | H58: =ROUNDUP(H57/(1-('Datos de Entrada (1)'!$D$22/100)),0) -> 0 | I58: =ROUNDUP(I57/(1-('Datos de Entrada (1)'!$D$22/100)),0) -> 0 | ... U58: =ROUNDUP(U57/(1-('Datos de Entrada (1)'!$D$22/100)),0) -> 0
A59: RPP | B59: =ROUNDUP(B58/'Datos de Entrada (1)'!$F$22,0)*'Datos de Entrada (1)'!$F$22 -> 0 | C59: =ROUNDUP(C58/'Datos de Entrada (1)'!$F$22,0)*'Datos de Entrada (1)'!$F$22 -> 0 | D59: =ROUNDUP(D58/'Datos de Entrada (1)'!$F$22,0)*'Datos de Entrada (1)'!$F$22 -> 0 | E59: =ROUNDUP(E58/'Datos de Entrada (1)'!$F$22,0)*'Datos de Entrada (1)'!$F$22 -> 0 | F59: =ROUNDUP(F58/'Datos de Entrada (1)'!$F$22,0)*'Datos de Entrada (1)'!$F$22 -> 0 | G59: =ROUNDUP(G58/'Datos de Entrada (1)'!$F$22,0)*'Datos de Entrada (1)'!$F$22 -> 0 | H59: =ROUNDUP(H58/'Datos de Entrada (1)'!$F$22,0)*'Datos de Entrada (1)'!$F$22 -> 0 | I59: =ROUNDUP(I58/'Datos de Entrada (1)'!$F$22,0)*'Datos de Entrada (1)'!$F$22 -> 0 | ... U59: =ROUNDUP(U58/'Datos de Entrada (1)'!$F$22,0)*'Datos de Entrada (1)'!$F$22 -> 0
A60: AUXILIAR 3 (CORRECTAS) | B60: =ROUNDDOWN(B59*(1-('Datos de Entrada (1)'!$D$22/100)),0) -> 0 | C60: =ROUNDDOWN(C59*(1-('Datos de Entrada (1)'!$D$22/100)),0) -> 0 | D60: =ROUNDDOWN(D59*(1-('Datos de Entrada (1)'!$D$22/100)),0) -> 0 | E60: =ROUNDDOWN(E59*(1-('Datos de Entrada (1)'!$D$22/100)),0) -> 0 | F60: =ROUNDDOWN(F59*(1-('Datos de Entrada (1)'!$D$22/100)),0) -> 0 | G60: =ROUNDDOWN(G59*(1-('Datos de Entrada (1)'!$D$22/100)),0) -> 0 | H60: =ROUNDDOWN(H59*(1-('Datos de Entrada (1)'!$D$22/100)),0) -> 0 | I60: =ROUNDDOWN(I59*(1-('Datos de Entrada (1)'!$D$22/100)),0) -> 0 | ... U60: =ROUNDDOWN(U59*(1-('Datos de Entrada (1)'!$D$22/100)),0) -> 0
A61: LANZ PP (EN CUENTA DEF. Y LOTE) | B61: =OFFSET(B59,0,'Datos de Entrada (1)'!$C$22) -> 0 | C61: =OFFSET(C59,0,'Datos de Entrada (1)'!$C$22) -> 0 | D61: =OFFSET(D59,0,'Datos de Entrada (1)'!$C$22) -> 0 | E61: =OFFSET(E59,0,'Datos de Entrada (1)'!$C$22) -> 0 | F61: =OFFSET(F59,0,'Datos de Entrada (1)'!$C$22) -> 0 | G61: =OFFSET(G59,0,'Datos de Entrada (1)'!$C$22) -> 0 | H61: =OFFSET(H59,0,'Datos de Entrada (1)'!$C$22) -> 0 | I61: =OFFSET(I59,0,'Datos de Entrada (1)'!$C$22) -> 0 | ... U61: =OFFSET(U59,0,'Datos de Entrada (1)'!$C$22) -> 0
A63: C1 | B63: 1 | C63: 2 | D63: 3 | E63: 4 | F63: 5 | G63: 6 | H63: 7 | I63: 8 | J63: 9 | K63: 10 | L63: 11 | M63: 12 | N63: 13 | O63: 14 | P63: 15 | Q63: 16 | R63: 17 | S63: 18 | T63: 19 | U63: 20
A64: NB | B64: ='Datos de Entrada (2)'!$E$8*'LANZ PP'!B43 -> 0 | C64: ='Datos de Entrada (2)'!$E$8*'LANZ PP'!C43 -> 0 | D64: ='Datos de Entrada (2)'!$E$8*'LANZ PP'!D43 -> 0 | E64: ='Datos de Entrada (2)'!$E$8*'LANZ PP'!E43 -> 0 | F64: ='Datos de Entrada (2)'!$E$8*'LANZ PP'!F43 -> 0 | G64: ='Datos de Entrada (2)'!$E$8*'LANZ PP'!G43 -> 0 | H64: ='Datos de Entrada (2)'!$E$8*'LANZ PP'!H43 -> 0 | I64: ='Datos de Entrada (2)'!$E$8*'LANZ PP'!I43 -> 0 | ... U64: ='Datos de Entrada (2)'!$E$8*'LANZ PP'!U43 -> 0
A65: EXITS | B65: ='Datos de Entrada (1)'!$E$23 -> 50 | C65: =B65+B69-B64 -> 50 | D65: =C65+C69-C64 -> 50 | E65: =D65+D69-D64 -> 50 | F65: =E65+E69-E64 -> 50 | G65: =F65+F69-F64 -> 50 | H65: =G65+G69-G64 -> 50 | I65: =H65+H69-H64 -> 50 | J65: =I65+I69-I64 -> 50 | ... U65: =T65+T69-T64 -> 101
A66: NN | B66: =IF(B64=0,0,MAX(0,B64+'Datos de Entrada (1)'!$B$23-'LANZ PP'!B65)) -> 0 | C66: =IF(C64=0,0,MAX(0,C64+'Datos de Entrada (1)'!$B$23-'LANZ PP'!C65)) -> 0 | D66: =IF(D64=0,0,MAX(0,D64+'Datos de Entrada (1)'!$B$23-'LANZ PP'!D65)) -> 0 | E66: =IF(E64=0,0,MAX(0,E64+'Datos de Entrada (1)'!$B$23-'LANZ PP'!E65)) -> 0 | F66: =IF(F64=0,0,MAX(0,F64+'Datos de Entrada (1)'!$B$23-'LANZ PP'!F65)) -> 0 | G66: =IF(G64=0,0,MAX(0,G64+'Datos de Entrada (1)'!$B$23-'LANZ PP'!G65)) -> 0 | H66: =IF(H64=0,0,MAX(0,H64+'Datos de Entrada (1)'!$B$23-'LANZ PP'!H65)) -> 0 | I66: =IF(I64=0,0,MAX(0,I64+'Datos de Entrada (1)'!$B$23-'LANZ PP'!I65)) -> 0 | ... U66: =IF(U64=0,0,MAX(0,U64+'Datos de Entrada (1)'!$B$23-'LANZ PP'!U65)) -> 0
A67: AUXILIAR (NN, CON DEFECTOS) | B67: =ROUNDUP(B66/(1-('Datos de Entrada (1)'!$D$23/100)),0) -> 0 | C67: =ROUNDUP(C66/(1-('Datos de Entrada (1)'!$D$23/100)),0) -> 0 | D67: =ROUNDUP(D66/(1-('Datos de Entrada (1)'!$D$23/100)),0) -> 0 | E67: =ROUNDUP(E66/(1-('Datos de Entrada (1)'!$D$23/100)),0) -> 0 | F67: =ROUNDUP(F66/(1-('Datos de Entrada (1)'!$D$23/100)),0) -> 0 | G67: =ROUNDUP(G66/(1-('Datos de Entrada (1)'!$D$23/100)),0) -> 0 | H67: =ROUNDUP(H66/(1-('Datos de Entrada (1)'!$D$23/100)),0) -> 0 | I67: =ROUNDUP(I66/(1-('Datos de Entrada (1)'!$D$23/100)),0) -> 0 | ... U67: =ROUNDUP(U66/(1-('Datos de Entrada (1)'!$D$23/100)),0) -> 0
A68: RPP | B68: =ROUNDUP(B67/'Datos de Entrada (1)'!$F$23,0)*'Datos de Entrada (1)'!$F$23 -> 0 | C68: =ROUNDUP(C67/'Datos de Entrada (1)'!$F$23,0)*'Datos de Entrada (1)'!$F$23 -> 0 | D68: =ROUNDUP(D67/'Datos de Entrada (1)'!$F$23,0)*'Datos de Entrada (1)'!$F$23 -> 0 | E68: =ROUNDUP(E67/'Datos de Entrada (1)'!$F$23,0)*'Datos de Entrada (1)'!$F$23 -> 0 | F68: =ROUNDUP(F67/'Datos de Entrada (1)'!$F$23,0)*'Datos de Entrada (1)'!$F$23 -> 0 | G68: =ROUNDUP(G67/'Datos de Entrada (1)'!$F$23,0)*'Datos de Entrada (1)'!$F$23 -> 0 | H68: =ROUNDUP(H67/'Datos de Entrada (1)'!$F$23,0)*'Datos de Entrada (1)'!$F$23 -> 0 | I68: =ROUNDUP(I67/'Datos de Entrada (1)'!$F$23,0)*'Datos de Entrada (1)'!$F$23 -> 0 | ... U68: =ROUNDUP(U67/'Datos de Entrada (1)'!$F$23,0)*'Datos de Entrada (1)'!$F$23 -> 0
A69: AUXILIAR 3 (CORRECTAS) | B69: =ROUNDDOWN(B68*(1-('Datos de Entrada (1)'!$D$23/100)),0) -> 0 | C69: =ROUNDDOWN(C68*(1-('Datos de Entrada (1)'!$D$23/100)),0) -> 0 | D69: =ROUNDDOWN(D68*(1-('Datos de Entrada (1)'!$D$23/100)),0) -> 0 | E69: =ROUNDDOWN(E68*(1-('Datos de Entrada (1)'!$D$23/100)),0) -> 0 | F69: =ROUNDDOWN(F68*(1-('Datos de Entrada (1)'!$D$23/100)),0) -> 0 | G69: =ROUNDDOWN(G68*(1-('Datos de Entrada (1)'!$D$23/100)),0) -> 0 | H69: =ROUNDDOWN(H68*(1-('Datos de Entrada (1)'!$D$23/100)),0) -> 0 | I69: =ROUNDDOWN(I68*(1-('Datos de Entrada (1)'!$D$23/100)),0) -> 0 | ... U69: =ROUNDDOWN(U68*(1-('Datos de Entrada (1)'!$D$23/100)),0) -> 0
A70: LANZ PP (EN CUENTA DEF. Y LOTE) | B70: =OFFSET(B68,0,'Datos de Entrada (1)'!$C$23) -> 0 | C70: =OFFSET(C68,0,'Datos de Entrada (1)'!$C$23) -> 0 | D70: =OFFSET(D68,0,'Datos de Entrada (1)'!$C$23) -> 0 | E70: =OFFSET(E68,0,'Datos de Entrada (1)'!$C$23) -> 0 | F70: =OFFSET(F68,0,'Datos de Entrada (1)'!$C$23) -> 0 | G70: =OFFSET(G68,0,'Datos de Entrada (1)'!$C$23) -> 0 | H70: =OFFSET(H68,0,'Datos de Entrada (1)'!$C$23) -> 0 | I70: =OFFSET(I68,0,'Datos de Entrada (1)'!$C$23) -> 0 | ... U70: =OFFSET(U68,0,'Datos de Entrada (1)'!$C$23) -> 0
A72: C2 | B72: 1 | C72: 2 | D72: 3 | E72: 4 | F72: 5 | G72: 6 | H72: 7 | I72: 8 | J72: 9 | K72: 10 | L72: 11 | M72: 12 | N72: 13 | O72: 14 | P72: 15 | Q72: 16 | R72: 17 | S72: 18 | T72: 19 | U72: 20
A73: NB | B73: ='Datos de Entrada (2)'!$L$21*'LANZ PP'!B34 -> 0 | C73: ='Datos de Entrada (2)'!$L$21*'LANZ PP'!C34 -> 0 | D73: ='Datos de Entrada (2)'!$L$21*'LANZ PP'!D34 -> 0 | E73: ='Datos de Entrada (2)'!$L$21*'LANZ PP'!E34 -> 0 | F73: ='Datos de Entrada (2)'!$L$21*'LANZ PP'!F34 -> 0 | G73: ='Datos de Entrada (2)'!$L$21*'LANZ PP'!G34 -> 0 | H73: ='Datos de Entrada (2)'!$L$21*'LANZ PP'!H34 -> 0 | I73: ='Datos de Entrada (2)'!$L$21*'LANZ PP'!I34 -> 0 | ... U73: ='Datos de Entrada (2)'!$L$21*'LANZ PP'!U34 -> 0
A74: EXITS | B74: ='Datos de Entrada (1)'!$E$24 -> 50 | C74: =B74+B78-B73 -> 50 | D74: =C74+C78-C73 -> 50 | E74: =D74+D78-D73 -> 50 | F74: =E74+E78-E73 -> 50 | G74: =F74+F78-F73 -> 50 | H74: =G74+G78-G73 -> 50 | I74: =H74+H78-H73 -> 50 | J74: =I74+I78-I73 -> 50 | ... U74: =T74+T78-T73 -> 104
A75: NN | B75: =IF(B73=0,0,MAX(0,B73+'Datos de Entrada (1)'!$B$24-'LANZ PP'!B74)) -> 0 | C75: =IF(C73=0,0,MAX(0,C73+'Datos de Entrada (1)'!$B$24-'LANZ PP'!C74)) -> 0 | D75: =IF(D73=0,0,MAX(0,D73+'Datos de Entrada (1)'!$B$24-'LANZ PP'!D74)) -> 0 | E75: =IF(E73=0,0,MAX(0,E73+'Datos de Entrada (1)'!$B$24-'LANZ PP'!E74)) -> 0 | F75: =IF(F73=0,0,MAX(0,F73+'Datos de Entrada (1)'!$B$24-'LANZ PP'!F74)) -> 0 | G75: =IF(G73=0,0,MAX(0,G73+'Datos de Entrada (1)'!$B$24-'LANZ PP'!G74)) -> 0 | H75: =IF(H73=0,0,MAX(0,H73+'Datos de Entrada (1)'!$B$24-'LANZ PP'!H74)) -> 0 | I75: =IF(I73=0,0,MAX(0,I73+'Datos de Entrada (1)'!$B$24-'LANZ PP'!I74)) -> 0 | ... U75: =IF(U73=0,0,MAX(0,U73+'Datos de Entrada (1)'!$B$24-'LANZ PP'!U74)) -> 0
A76: AUXILIAR (NN, CON DEFECTOS) | B76: =ROUNDUP(B75/(1-('Datos de Entrada (1)'!$D$24/100)),0) -> 0 | C76: =ROUNDUP(C75/(1-('Datos de Entrada (1)'!$D$24/100)),0) -> 0 | D76: =ROUNDUP(D75/(1-('Datos de Entrada (1)'!$D$24/100)),0) -> 0 | E76: =ROUNDUP(E75/(1-('Datos de Entrada (1)'!$D$24/100)),0) -> 0 | F76: =ROUNDUP(F75/(1-('Datos de Entrada (1)'!$D$24/100)),0) -> 0 | G76: =ROUNDUP(G75/(1-('Datos de Entrada (1)'!$D$24/100)),0) -> 0 | H76: =ROUNDUP(H75/(1-('Datos de Entrada (1)'!$D$24/100)),0) -> 0 | I76: =ROUNDUP(I75/(1-('Datos de Entrada (1)'!$D$24/100)),0) -> 0 | ... U76: =ROUNDUP(U75/(1-('Datos de Entrada (1)'!$D$24/100)),0) -> 0
A77: RPP | B77: =ROUNDUP(B76/'Datos de Entrada (1)'!$F$24,0)*'Datos de Entrada (1)'!$F$24 -> 0 | C77: =ROUNDUP(C76/'Datos de Entrada (1)'!$F$24,0)*'Datos de Entrada (1)'!$F$24 -> 0 | D77: =ROUNDUP(D76/'Datos de Entrada (1)'!$F$24,0)*'Datos de Entrada (1)'!$F$24 -> 0 | E77: =ROUNDUP(E76/'Datos de Entrada (1)'!$F$24,0)*'Datos de Entrada (1)'!$F$24 -> 0 | F77: =ROUNDUP(F76/'Datos de Entrada (1)'!$F$24,0)*'Datos de Entrada (1)'!$F$24 -> 0 | G77: =ROUNDUP(G76/'Datos de Entrada (1)'!$F$24,0)*'Datos de Entrada (1)'!$F$24 -> 0 | H77: =ROUNDUP(H76/'Datos de Entrada (1)'!$F$24,0)*'Datos de Entrada (1)'!$F$24 -> 0 | I77: =ROUNDUP(I76/'Datos de Entrada (1)'!$F$24,0)*'Datos de Entrada (1)'!$F$24 -> 0 | ... U77: =ROUNDUP(U76/'Datos de Entrada (1)'!$F$24,0)*'Datos de Entrada (1)'!$F$24 -> 0
A78: AUXILIAR 3 (CORRECTAS) | B78: =ROUNDDOWN(B77*(1-('Datos de Entrada (1)'!$D$24/100)),0) -> 0 | C78: =ROUNDDOWN(C77*(1-('Datos de Entrada (1)'!$D$24/100)),0) -> 0 | D78: =ROUNDDOWN(D77*(1-('Datos de Entrada (1)'!$D$24/100)),0) -> 0 | E78: =ROUNDDOWN(E77*(1-('Datos de Entrada (1)'!$D$24/100)),0) -> 0 | F78: =ROUNDDOWN(F77*(1-('Datos de Entrada (1)'!$D$24/100)),0) -> 0 | G78: =ROUNDDOWN(G77*(1-('Datos de Entrada (1)'!$D$24/100)),0) -> 0 | H78: =ROUNDDOWN(H77*(1-('Datos de Entrada (1)'!$D$24/100)),0) -> 0 | I78: =ROUNDDOWN(I77*(1-('Datos de Entrada (1)'!$D$24/100)),0) -> 0 | ... U78: =ROUNDDOWN(U77*(1-('Datos de Entrada (1)'!$D$24/100)),0) -> 0
A79: LANZ PP (EN CUENTA DEF. Y LOTE) | B79: =OFFSET(B77,0,'Datos de Entrada (1)'!$C$24) -> 0 | C79: =OFFSET(C77,0,'Datos de Entrada (1)'!$C$24) -> 0 | D79: =OFFSET(D77,0,'Datos de Entrada (1)'!$C$24) -> 0 | E79: =OFFSET(E77,0,'Datos de Entrada (1)'!$C$24) -> 0 | F79: =OFFSET(F77,0,'Datos de Entrada (1)'!$C$24) -> 0 | G79: =OFFSET(G77,0,'Datos de Entrada (1)'!$C$24) -> 0 | H79: =OFFSET(H77,0,'Datos de Entrada (1)'!$C$24) -> 0 | I79: =OFFSET(I77,0,'Datos de Entrada (1)'!$C$24) -> 0 | ... U79: =OFFSET(U77,0,'Datos de Entrada (1)'!$C$24) -> 0
A81: C3 | B81: 1 | C81: 2 | D81: 3 | E81: 4 | F81: 5 | G81: 6 | H81: 7 | I81: 8 | J81: 9 | K81: 10 | L81: 11 | M81: 12 | N81: 13 | O81: 14 | P81: 15 | Q81: 16 | R81: 17 | S81: 18 | T81: 19 | U81: 20
A82: NB | B82: ='Datos de Entrada (2)'!$K$8*'LANZ PP'!B25+'Datos de Entrada (2)'!$F$21*'LANZ PP'!B61 -> 0 | C82: ='Datos de Entrada (2)'!$K$8*'LANZ PP'!C25+'Datos de Entrada (2)'!$F$21*'LANZ PP'!C61 -> 0 | D82: ='Datos de Entrada (2)'!$K$8*'LANZ PP'!D25+'Datos de Entrada (2)'!$F$21*'LANZ PP'!D61 -> 0 | E82: ='Datos de Entrada (2)'!$K$8*'LANZ PP'!E25+'Datos de Entrada (2)'!$F$21*'LANZ PP'!E61 -> 0 | F82: ='Datos de Entrada (2)'!$K$8*'LANZ PP'!F25+'Datos de Entrada (2)'!$F$21*'LANZ PP'!F61 -> 0 | G82: ='Datos de Entrada (2)'!$K$8*'LANZ PP'!G25+'Datos de Entrada (2)'!$F$21*'LANZ PP'!G61 -> 0 | H82: ='Datos de Entrada (2)'!$K$8*'LANZ PP'!H25+'Datos de Entrada (2)'!$F$21*'LANZ PP'!H61 -> 0 | I82: ='Datos de Entrada (2)'!$K$8*'LANZ PP'!I25+'Datos de Entrada (2)'!$F$21*'LANZ PP'!I61 -> 0 | ... Q82: ='Datos de Entrada (2)'!$K$8*'LANZ PP'!Q25+'Datos de Entrada (2)'!$F$21*'LANZ PP'!Q61 -> 755 | R82: ='Datos de Entrada (2)'!$K$8*'LANZ PP'!R25+'Datos de Entrada (2)'!$F$21*'LANZ PP'!R61+'Datos de Entrada (1)'!B9 -> 755 | S82: ='Datos de Entrada (2)'!$K$8*'LANZ PP'!S25+'Datos de Entrada (2)'!$F$21*'LANZ PP'!S61+'Datos de Entrada (1)'!C9 -> 1100 | T82: ='Datos de Entrada (2)'!$K$8*'LANZ PP'!T25+'Datos de Entrada (2)'!$F$21*'LANZ PP'!T61+'Datos de Entrada (1)'!D9 -> 220 | U82: ='Datos de Entrada (2)'!$K$8*'LANZ PP'!U25+'Datos de Entrada (2)'!$F$21*'LANZ PP'!U61+'Datos de Entrada (1)'!E9 -> 0
A83: EXITS | B83: ='Datos de Entrada (1)'!$E$25 -> 150 | C83: =B83+B87-B82 -> 150 | D83: =C83+C87-C82 -> 150 | E83: =D83+D87-D82 -> 150 | F83: =E83+E87-E82 -> 150 | G83: =F83+F87-F82 -> 150 | H83: =G83+G87-G82 -> 150 | I83: =H83+H87-H82 -> 150 | J83: =I83+I87-I82 -> 150 | ... U83: =T83+T87-T82 -> 100
A84: NN | B84: =IF(B82=0,0,MAX(0,B82+'Datos de Entrada (1)'!$B$25-'LANZ PP'!B83)) -> 0 | C84: =IF(C82=0,0,MAX(0,C82+'Datos de Entrada (1)'!$B$25-'LANZ PP'!C83)) -> 0 | D84: =IF(D82=0,0,MAX(0,D82+'Datos de Entrada (1)'!$B$25-'LANZ PP'!D83)) -> 0 | E84: =IF(E82=0,0,MAX(0,E82+'Datos de Entrada (1)'!$B$25-'LANZ PP'!E83)) -> 0 | F84: =IF(F82=0,0,MAX(0,F82+'Datos de Entrada (1)'!$B$25-'LANZ PP'!F83)) -> 0 | G84: =IF(G82=0,0,MAX(0,G82+'Datos de Entrada (1)'!$B$25-'LANZ PP'!G83)) -> 0 | H84: =IF(H82=0,0,MAX(0,H82+'Datos de Entrada (1)'!$B$25-'LANZ PP'!H83)) -> 0 | I84: =IF(I82=0,0,MAX(0,I82+'Datos de Entrada (1)'!$B$25-'LANZ PP'!I83)) -> 0 | ... U84: =IF(U82=0,0,MAX(0,U82+'Datos de Entrada (1)'!$B$25-'LANZ PP'!U83)) -> 0
A85: AUXILIAR (NN, CON DEFECTOS) | B85: =ROUNDUP(B84/(1-('Datos de Entrada (1)'!$D$25/100)),0) -> 0 | C85: =ROUNDUP(C84/(1-('Datos de Entrada (1)'!$D$25/100)),0) -> 0 | D85: =ROUNDUP(D84/(1-('Datos de Entrada (1)'!$D$25/100)),0) -> 0 | E85: =ROUNDUP(E84/(1-('Datos de Entrada (1)'!$D$25/100)),0) -> 0 | F85: =ROUNDUP(F84/(1-('Datos de Entrada (1)'!$D$25/100)),0) -> 0 | G85: =ROUNDUP(G84/(1-('Datos de Entrada (1)'!$D$25/100)),0) -> 0 | H85: =ROUNDUP(H84/(1-('Datos de Entrada (1)'!$D$25/100)),0) -> 0 | I85: =ROUNDUP(I84/(1-('Datos de Entrada (1)'!$D$25/100)),0) -> 0 | ... U85: =ROUNDUP(U84/(1-('Datos de Entrada (1)'!$D$25/100)),0) -> 0
A86: RPP | B86: =ROUNDUP(B85/'Datos de Entrada (1)'!$F$25,0)*'Datos de Entrada (1)'!$F$25 -> 0 | C86: =ROUNDUP(C85/'Datos de Entrada (1)'!$F$25,0)*'Datos de Entrada (1)'!$F$25 -> 0 | D86: =ROUNDUP(D85/'Datos de Entrada (1)'!$F$25,0)*'Datos de Entrada (1)'!$F$25 -> 0 | E86: =ROUNDUP(E85/'Datos de Entrada (1)'!$F$25,0)*'Datos de Entrada (1)'!$F$25 -> 0 | F86: =ROUNDUP(F85/'Datos de Entrada (1)'!$F$25,0)*'Datos de Entrada (1)'!$F$25 -> 0 | G86: =ROUNDUP(G85/'Datos de Entrada (1)'!$F$25,0)*'Datos de Entrada (1)'!$F$25 -> 0 | H86: =ROUNDUP(H85/'Datos de Entrada (1)'!$F$25,0)*'Datos de Entrada (1)'!$F$25 -> 0 | I86: =ROUNDUP(I85/'Datos de Entrada (1)'!$F$25,0)*'Datos de Entrada (1)'!$F$25 -> 0 | ... U86: =ROUNDUP(U85/'Datos de Entrada (1)'!$F$25,0)*'Datos de Entrada (1)'!$F$25 -> 0
A87: AUXILIAR 3 (CORRECTAS) | B87: =ROUNDDOWN(B86*(1-('Datos de Entrada (1)'!$D$25/100)),0) -> 0 | C87: =ROUNDDOWN(C86*(1-('Datos de Entrada (1)'!$D$25/100)),0) -> 0 | D87: =ROUNDDOWN(D86*(1-('Datos de Entrada (1)'!$D$25/100)),0) -> 0 | E87: =ROUNDDOWN(E86*(1-('Datos de Entrada (1)'!$D$25/100)),0) -> 0 | F87: =ROUNDDOWN(F86*(1-('Datos de Entrada (1)'!$D$25/100)),0) -> 0 | G87: =ROUNDDOWN(G86*(1-('Datos de Entrada (1)'!$D$25/100)),0) -> 0 | H87: =ROUNDDOWN(H86*(1-('Datos de Entrada (1)'!$D$25/100)),0) -> 0 | I87: =ROUNDDOWN(I86*(1-('Datos de Entrada (1)'!$D$25/100)),0) -> 0 | ... U87: =ROUNDDOWN(U86*(1-('Datos de Entrada (1)'!$D$25/100)),0) -> 0
A88: LANZ PP (EN CUENTA DEF. Y LOTE) | B88: =OFFSET(B86,0,'Datos de Entrada (1)'!$C$25) -> 0 | C88: =OFFSET(C86,0,'Datos de Entrada (1)'!$C$25) -> 0 | D88: =OFFSET(D86,0,'Datos de Entrada (1)'!$C$25) -> 0 | E88: =OFFSET(E86,0,'Datos de Entrada (1)'!$C$25) -> 0 | F88: =OFFSET(F86,0,'Datos de Entrada (1)'!$C$25) -> 0 | G88: =OFFSET(G86,0,'Datos de Entrada (1)'!$C$25) -> 0 | H88: =OFFSET(H86,0,'Datos de Entrada (1)'!$C$25) -> 0 | I88: =OFFSET(I86,0,'Datos de Entrada (1)'!$C$25) -> 0 | ... U88: =OFFSET(U86,0,'Datos de Entrada (1)'!$C$25) -> 0
A90: C4 | B90: 1 | C90: 2 | D90: 3 | E90: 4 | F90: 5 | G90: 6 | H90: 7 | I90: 8 | J90: 9 | K90: 10 | L90: 11 | M90: 12 | N90: 13 | O90: 14 | P90: 15 | Q90: 16 | R90: 17 | S90: 18 | T90: 19 | U90: 20
A91: NB | B91: ='Datos de Entrada (2)'!$H$8*'LANZ PP'!B43+'Datos de Entrada (2)'!$I$21*'LANZ PP'!B61 -> 0 | C91: ='Datos de Entrada (2)'!$H$8*'LANZ PP'!C43+'Datos de Entrada (2)'!$I$21*'LANZ PP'!C61 -> 0 | D91: ='Datos de Entrada (2)'!$H$8*'LANZ PP'!D43+'Datos de Entrada (2)'!$I$21*'LANZ PP'!D61 -> 0 | E91: ='Datos de Entrada (2)'!$H$8*'LANZ PP'!E43+'Datos de Entrada (2)'!$I$21*'LANZ PP'!E61 -> 0 | F91: ='Datos de Entrada (2)'!$H$8*'LANZ PP'!F43+'Datos de Entrada (2)'!$I$21*'LANZ PP'!F61 -> 0 | G91: ='Datos de Entrada (2)'!$H$8*'LANZ PP'!G43+'Datos de Entrada (2)'!$I$21*'LANZ PP'!G61 -> 0 | H91: ='Datos de Entrada (2)'!$H$8*'LANZ PP'!H43+'Datos de Entrada (2)'!$I$21*'LANZ PP'!H61 -> 0 | I91: ='Datos de Entrada (2)'!$H$8*'LANZ PP'!I43+'Datos de Entrada (2)'!$I$21*'LANZ PP'!I61 -> 0 | ... U91: ='Datos de Entrada (2)'!$H$8*'LANZ PP'!U43+'Datos de Entrada (2)'!$I$21*'LANZ PP'!U61 -> 0
A92: EXITS | B92: ='Datos de Entrada (1)'!$E$26 -> 100 | C92: =B92+B96-B91 -> 100 | D92: =C92+C96-C91 -> 100 | E92: =D92+D96-D91 -> 100 | F92: =E92+E96-E91 -> 100 | G92: =F92+F96-F91 -> 100 | H92: =G92+G96-G91 -> 100 | I92: =H92+H96-H91 -> 100 | J92: =I92+I96-I91 -> 100 | ... U92: =T92+T96-T91 -> 112
A93: NN | B93: =IF(B91=0,0,MAX(0,B91+'Datos de Entrada (1)'!$B$26-'LANZ PP'!B92)) -> 0 | C93: =IF(C91=0,0,MAX(0,C91+'Datos de Entrada (1)'!$B$26-'LANZ PP'!C92)) -> 0 | D93: =IF(D91=0,0,MAX(0,D91+'Datos de Entrada (1)'!$B$26-'LANZ PP'!D92)) -> 0 | E93: =IF(E91=0,0,MAX(0,E91+'Datos de Entrada (1)'!$B$26-'LANZ PP'!E92)) -> 0 | F93: =IF(F91=0,0,MAX(0,F91+'Datos de Entrada (1)'!$B$26-'LANZ PP'!F92)) -> 0 | G93: =IF(G91=0,0,MAX(0,G91+'Datos de Entrada (1)'!$B$26-'LANZ PP'!G92)) -> 0 | H93: =IF(H91=0,0,MAX(0,H91+'Datos de Entrada (1)'!$B$26-'LANZ PP'!H92)) -> 0 | I93: =IF(I91=0,0,MAX(0,I91+'Datos de Entrada (1)'!$B$26-'LANZ PP'!I92)) -> 0 | ... U93: =IF(U91=0,0,MAX(0,U91+'Datos de Entrada (1)'!$B$26-'LANZ PP'!U92)) -> 0
A94: AUXILIAR (NN, CON DEFECTOS) | B94: =ROUNDUP(B93/(1-('Datos de Entrada (1)'!$D$26/100)),0) -> 0 | C94: =ROUNDUP(C93/(1-('Datos de Entrada (1)'!$D$26/100)),0) -> 0 | D94: =ROUNDUP(D93/(1-('Datos de Entrada (1)'!$D$26/100)),0) -> 0 | E94: =ROUNDUP(E93/(1-('Datos de Entrada (1)'!$D$26/100)),0) -> 0 | F94: =ROUNDUP(F93/(1-('Datos de Entrada (1)'!$D$26/100)),0) -> 0 | G94: =ROUNDUP(G93/(1-('Datos de Entrada (1)'!$D$26/100)),0) -> 0 | H94: =ROUNDUP(H93/(1-('Datos de Entrada (1)'!$D$26/100)),0) -> 0 | I94: =ROUNDUP(I93/(1-('Datos de Entrada (1)'!$D$26/100)),0) -> 0 | ... U94: =ROUNDUP(U93/(1-('Datos de Entrada (1)'!$D$26/100)),0) -> 0
A95: RPP | B95: =ROUNDUP(B94/'Datos de Entrada (1)'!$F$26,0)*'Datos de Entrada (1)'!$F$26 -> 0 | C95: =ROUNDUP(C94/'Datos de Entrada (1)'!$F$26,0)*'Datos de Entrada (1)'!$F$26 -> 0 | D95: =ROUNDUP(D94/'Datos de Entrada (1)'!$F$26,0)*'Datos de Entrada (1)'!$F$26 -> 0 | E95: =ROUNDUP(E94/'Datos de Entrada (1)'!$F$26,0)*'Datos de Entrada (1)'!$F$26 -> 0 | F95: =ROUNDUP(F94/'Datos de Entrada (1)'!$F$26,0)*'Datos de Entrada (1)'!$F$26 -> 0 | G95: =ROUNDUP(G94/'Datos de Entrada (1)'!$F$26,0)*'Datos de Entrada (1)'!$F$26 -> 0 | H95: =ROUNDUP(H94/'Datos de Entrada (1)'!$F$26,0)*'Datos de Entrada (1)'!$F$26 -> 0 | I95: =ROUNDUP(I94/'Datos de Entrada (1)'!$F$26,0)*'Datos de Entrada (1)'!$F$26 -> 0 | ... U95: =ROUNDUP(U94/'Datos de Entrada (1)'!$F$26,0)*'Datos de Entrada (1)'!$F$26 -> 0
A96: AUXILIAR 3 (CORRECTAS) | B96: =ROUNDDOWN(B95*(1-('Datos de Entrada (1)'!$D$26/100)),0) -> 0 | C96: =ROUNDDOWN(C95*(1-('Datos de Entrada (1)'!$D$26/100)),0) -> 0 | D96: =ROUNDDOWN(D95*(1-('Datos de Entrada (1)'!$D$26/100)),0) -> 0 | E96: =ROUNDDOWN(E95*(1-('Datos de Entrada (1)'!$D$26/100)),0) -> 0 | F96: =ROUNDDOWN(F95*(1-('Datos de Entrada (1)'!$D$26/100)),0) -> 0 | G96: =ROUNDDOWN(G95*(1-('Datos de Entrada (1)'!$D$26/100)),0) -> 0 | H96: =ROUNDDOWN(H95*(1-('Datos de Entrada (1)'!$D$26/100)),0) -> 0 | I96: =ROUNDDOWN(I95*(1-('Datos de Entrada (1)'!$D$26/100)),0) -> 0 | ... U96: =ROUNDDOWN(U95*(1-('Datos de Entrada (1)'!$D$26/100)),0) -> 0
A97: LANZ PP (EN CUENTA DEF. Y LOTE) | B97: =OFFSET(B95,0,'Datos de Entrada (1)'!$C$26) -> 0 | C97: =OFFSET(C95,0,'Datos de Entrada (1)'!$C$26) -> 0 | D97: =OFFSET(D95,0,'Datos de Entrada (1)'!$C$26) -> 0 | E97: =OFFSET(E95,0,'Datos de Entrada (1)'!$C$26) -> 0 | F97: =OFFSET(F95,0,'Datos de Entrada (1)'!$C$26) -> 0 | G97: =OFFSET(G95,0,'Datos de Entrada (1)'!$C$26) -> 0 | H97: =OFFSET(H95,0,'Datos de Entrada (1)'!$C$26) -> 0 | I97: =OFFSET(I95,0,'Datos de Entrada (1)'!$C$26) -> 0 | ... U97: =OFFSET(U95,0,'Datos de Entrada (1)'!$C$26) -> 0
A99: C5 | B99: 1 | C99: 2 | D99: 3 | E99: 4 | F99: 5 | G99: 6 | H99: 7 | I99: 8 | J99: 9 | K99: 10 | L99: 11 | M99: 12 | N99: 13 | O99: 14 | P99: 15 | Q99: 16 | R99: 17 | S99: 18 | T99: 19 | U99: 20
A100: NB | B100: ='Datos de Entrada (2)'!$D$24*'LANZ PP'!B52+'Datos de Entrada (2)'!$I$24*'LANZ PP'!B97 -> 0 | C100: ='Datos de Entrada (2)'!$D$24*'LANZ PP'!C52+'Datos de Entrada (2)'!$I$24*'LANZ PP'!C97 -> 0 | D100: ='Datos de Entrada (2)'!$D$24*'LANZ PP'!D52+'Datos de Entrada (2)'!$I$24*'LANZ PP'!D97 -> 0 | E100: ='Datos de Entrada (2)'!$D$24*'LANZ PP'!E52+'Datos de Entrada (2)'!$I$24*'LANZ PP'!E97 -> 0 | F100: ='Datos de Entrada (2)'!$D$24*'LANZ PP'!F52+'Datos de Entrada (2)'!$I$24*'LANZ PP'!F97 -> 0 | G100: ='Datos de Entrada (2)'!$D$24*'LANZ PP'!G52+'Datos de Entrada (2)'!$I$24*'LANZ PP'!G97 -> 0 | H100: ='Datos de Entrada (2)'!$D$24*'LANZ PP'!H52+'Datos de Entrada (2)'!$I$24*'LANZ PP'!H97 -> 0 | I100: ='Datos de Entrada (2)'!$D$24*'LANZ PP'!I52+'Datos de Entrada (2)'!$I$24*'LANZ PP'!I97 -> 0 | ... Q100: ='Datos de Entrada (2)'!$D$24*'LANZ PP'!Q52+'Datos de Entrada (2)'!$I$24*'LANZ PP'!Q97 -> 1550 | R100: ='Datos de Entrada (2)'!$D$24*'LANZ PP'!R52+'Datos de Entrada (2)'!$I$24*'LANZ PP'!R97+'Datos de Entrada (1)'!B10 -> 1900 | S100: ='Datos de Entrada (2)'!$D$24*'LANZ PP'!S52+'Datos de Entrada (2)'!$I$24*'LANZ PP'!S97+'Datos de Entrada (1)'!C10 -> 25 | T100: ='Datos de Entrada (2)'!$D$24*'LANZ PP'!T52+'Datos de Entrada (2)'!$I$24*'LANZ PP'!T97+'Datos de Entrada (1)'!D10 -> 100 | U100: ='Datos de Entrada (2)'!$D$24*'LANZ PP'!U52+'Datos de Entrada (2)'!$I$24*'LANZ PP'!U97+'Datos de Entrada (1)'!E10 -> 10
A101: EXITS | B101: ='Datos de Entrada (1)'!$E$27 -> 10 | C101: =B101+B105-B100 -> 10 | D101: =C101+C105-C100 -> 10 | E101: =D101+D105-D100 -> 10 | F101: =E101+E105-E100 -> 10 | G101: =F101+F105-F100 -> 10 | H101: =G101+G105-G100 -> 10 | I101: =H101+H105-H100 -> 10 | J101: =I101+I105-I100 -> 10 | ... U101: =T101+T105-T100 -> 54
A102: NN | B102: =IF(B100=0,0,MAX(0,B100+'Datos de Entrada (1)'!$B$27-'LANZ PP'!B101)) -> 0 | C102: =IF(C100=0,0,MAX(0,C100+'Datos de Entrada (1)'!$B$27-'LANZ PP'!C101)) -> 0 | D102: =IF(D100=0,0,MAX(0,D100+'Datos de Entrada (1)'!$B$27-'LANZ PP'!D101)) -> 0 | E102: =IF(E100=0,0,MAX(0,E100+'Datos de Entrada (1)'!$B$27-'LANZ PP'!E101)) -> 0 | F102: =IF(F100=0,0,MAX(0,F100+'Datos de Entrada (1)'!$B$27-'LANZ PP'!F101)) -> 0 | G102: =IF(G100=0,0,MAX(0,G100+'Datos de Entrada (1)'!$B$27-'LANZ PP'!G101)) -> 0 | H102: =IF(H100=0,0,MAX(0,H100+'Datos de Entrada (1)'!$B$27-'LANZ PP'!H101)) -> 0 | I102: =IF(I100=0,0,MAX(0,I100+'Datos de Entrada (1)'!$B$27-'LANZ PP'!I101)) -> 0 | ... U102: =IF(U100=0,0,MAX(0,U100+'Datos de Entrada (1)'!$B$27-'LANZ PP'!U101)) -> 6
A103: AUXILIAR (NN, CON DEFECTOS) | B103: =ROUNDUP(B102/(1-('Datos de Entrada (1)'!$D$27/100)),0) -> 0 | C103: =ROUNDUP(C102/(1-('Datos de Entrada (1)'!$D$27/100)),0) -> 0 | D103: =ROUNDUP(D102/(1-('Datos de Entrada (1)'!$D$27/100)),0) -> 0 | E103: =ROUNDUP(E102/(1-('Datos de Entrada (1)'!$D$27/100)),0) -> 0 | F103: =ROUNDUP(F102/(1-('Datos de Entrada (1)'!$D$27/100)),0) -> 0 | G103: =ROUNDUP(G102/(1-('Datos de Entrada (1)'!$D$27/100)),0) -> 0 | H103: =ROUNDUP(H102/(1-('Datos de Entrada (1)'!$D$27/100)),0) -> 0 | I103: =ROUNDUP(I102/(1-('Datos de Entrada (1)'!$D$27/100)),0) -> 0 | ... U103: =ROUNDUP(U102/(1-('Datos de Entrada (1)'!$D$27/100)),0) -> 7
A104: RPP | B104: =ROUNDUP(B103/'Datos de Entrada (1)'!$F$27,0)*'Datos de Entrada (1)'!$F$27 -> 0 | C104: =ROUNDUP(C103/'Datos de Entrada (1)'!$F$27,0)*'Datos de Entrada (1)'!$F$27 -> 0 | D104: =ROUNDUP(D103/'Datos de Entrada (1)'!$F$27,0)*'Datos de Entrada (1)'!$F$27 -> 0 | E104: =ROUNDUP(E103/'Datos de Entrada (1)'!$F$27,0)*'Datos de Entrada (1)'!$F$27 -> 0 | F104: =ROUNDUP(F103/'Datos de Entrada (1)'!$F$27,0)*'Datos de Entrada (1)'!$F$27 -> 0 | G104: =ROUNDUP(G103/'Datos de Entrada (1)'!$F$27,0)*'Datos de Entrada (1)'!$F$27 -> 0 | H104: =ROUNDUP(H103/'Datos de Entrada (1)'!$F$27,0)*'Datos de Entrada (1)'!$F$27 -> 0 | I104: =ROUNDUP(I103/'Datos de Entrada (1)'!$F$27,0)*'Datos de Entrada (1)'!$F$27 -> 0 | ... U104: =ROUNDUP(U103/'Datos de Entrada (1)'!$F$27,0)*'Datos de Entrada (1)'!$F$27 -> 15
A105: AUXILIAR 3 (CORRECTAS) | B105: =ROUNDDOWN(B104*(1-('Datos de Entrada (1)'!$D$27/100)),0) -> 0 | C105: =ROUNDDOWN(C104*(1-('Datos de Entrada (1)'!$D$27/100)),0) -> 0 | D105: =ROUNDDOWN(D104*(1-('Datos de Entrada (1)'!$D$27/100)),0) -> 0 | E105: =ROUNDDOWN(E104*(1-('Datos de Entrada (1)'!$D$27/100)),0) -> 0 | F105: =ROUNDDOWN(F104*(1-('Datos de Entrada (1)'!$D$27/100)),0) -> 0 | G105: =ROUNDDOWN(G104*(1-('Datos de Entrada (1)'!$D$27/100)),0) -> 0 | H105: =ROUNDDOWN(H104*(1-('Datos de Entrada (1)'!$D$27/100)),0) -> 0 | I105: =ROUNDDOWN(I104*(1-('Datos de Entrada (1)'!$D$27/100)),0) -> 0 | ... U105: =ROUNDDOWN(U104*(1-('Datos de Entrada (1)'!$D$27/100)),0) -> 14
A106: LANZ PP (EN CUENTA DEF. Y LOTE) | B106: =OFFSET(B104,0,'Datos de Entrada (1)'!$C$27) -> 0 | C106: =OFFSET(C104,0,'Datos de Entrada (1)'!$C$27) -> 0 | D106: =OFFSET(D104,0,'Datos de Entrada (1)'!$C$27) -> 0 | E106: =OFFSET(E104,0,'Datos de Entrada (1)'!$C$27) -> 0 | F106: =OFFSET(F104,0,'Datos de Entrada (1)'!$C$27) -> 0 | G106: =OFFSET(G104,0,'Datos de Entrada (1)'!$C$27) -> 0 | H106: =OFFSET(H104,0,'Datos de Entrada (1)'!$C$27) -> 0 | I106: =OFFSET(I104,0,'Datos de Entrada (1)'!$C$27) -> 0 | ... U106: =OFFSET(U104,0,'Datos de Entrada (1)'!$C$27) -> 0

Sheet LANZ PP CAMBIOS
A1: Informe de Explosión de Necesidades de un sistema MRP-I
A2: Planificación de Necesidades de Materiales (MRP) (LANZ PP)
C3: Modificación para poder cambiar en el PMP el número de la semana o el producto deseado, manteniendo las dimensiones actuales de la tabla PMP
B4: HOY
B5: LANZ PP | R5: SEMANA
A6: PRODUCTO | B6: 1 | C6: 2 | D6: 3 | E6: 4 | F6: 5 | G6: 6 | H6: 7 | I6: 8 | J6: 9 | K6: 10 | L6: 11 | M6: 12 | N6: 13 | O6: 14 | P6: 15 | Q6: 16 | R6: 17 | S6: 18 | T6: 19 | U6: 20
A7: P1 | B7: =B25 -> 0 | C7: =C25 -> 0 | D7: =D25 -> 0 | E7: =E25 -> 0 | F7: =F25 -> 0 | G7: =G25 -> 0 | H7: =H25 -> 0 | I7: =I25 -> 0 | ... U7: =U25 -> 0
A8: P2 | B8: =B34 -> 0 | C8: =C34 -> 0 | D8: =D34 -> 0 | E8: =E34 -> 0 | F8: =F34 -> 0 | G8: =G34 -> 0 | H8: =H34 -> 0 | I8: =I34 -> 0 | ... U8: =U34 -> 0
A9: S11 | B9: =B43 -> 0 | C9: =C43 -> 0 | D9: =D43 -> 0 | E9: =E43 -> 0 | F9: =F43 -> 0 | G9: =G43 -> 0 | H9: =H43 -> 0 | I9: =I43 -> 0 | ... U9: =U43 -> 0
A10: S12 | B10: =B52 -> 0 | C10: =C52 -> 0 | D10: =D52 -> 0 | E10: =E52 -> 0 | F10: =F52 -> 0 | G10: =G52 -> 0 | H10: =H52 -> 0 | I10: =I52 -> 0 | ... U10: =U52 -> 0
A11: S13 | B11: =B61 -> 0 | C11: =C61 -> 0 | D11: =D61 -> 0 | E11: =E61 -> 0 | F11: =F61 -> 0 | G11: =G61 -> 0 | H11: =H61 -> 0 | I11: =I61 -> 0 | ... U11: =U61 -> 0
A12: C1 | B12: =B70 -> 0 | C12: =C70 -> 0 | D12: =D70 -> 0 | E12: =E70 -> 0 | F12: =F70 -> 0 | G12: =G70 -> 0 | H12: =H70 -> 0 | I12: =I70 -> 0 | ... U12: =U70 -> 0
A13: C2 | B13: =B79 -> 0 | C13: =C79 -> 0 | D13: =D79 -> 0 | E13: =E79 -> 0 | F13: =F79 -> 0 | G13: =G79 -> 0 | H13: =H79 -> 0 | I13: =I79 -> 0 | ... U13: =U79 -> 0
A14: C3 | B14: =B88 -> 0 | C14: =C88 -> 0 | D14: =D88 -> 0 | E14: =E88 -> 0 | F14: =F88 -> 0 | G14: =G88 -> 0 | H14: =H88 -> 0 | I14: =I88 -> 0 | ... U14: =U88 -> 0
A15: C4 | B15: =B97 -> 0 | C15: =C97 -> 0 | D15: =D97 -> 0 | E15: =E97 -> 0 | F15: =F97 -> 0 | G15: =G97 -> 0 | H15: =H97 -> 0 | I15: =I97 -> 0 | ... U15: =U97 -> 0
A16: C5 | B16: =B106 -> 0 | C16: =C106 -> 0 | D16: =D106 -> 0 | E16: =E106 -> 0 | F16: =F106 -> 0 | G16: =G106 -> 0 | H16: =H106 -> 0 | I16: =I106 -> 0 | ... U16: =U106 -> 0
A18: P1 | B18: 1 | C18: 2 | D18: 3 | E18: 4 | F18: 5 | G18: 6 | H18: 7 | I18: 8 | J18: 9 | K18: 10 | L18: 11 | M18: 12 | N18: 13 | O18: 14 | P18: 15 | Q18: 16 | R18: 17 | S18: 18 | T18: 19 | U18: 20
A19: NB | B19: =IFERROR(VLOOKUP($A$7,'Datos de Entrada (1)'!$A$7:$E$10,MATCH(B18,'Datos de Entrada (1)'!$A$6:$E$6,0),0),0) -> 0 | C19: =IFERROR(VLOOKUP($A$7,'Datos de Entrada (1)'!$A$7:$E$10,MATCH(C18,'Datos de Entrada (1)'!$A$6:$E$6,0),0),0) -> 0 | D19: =IFERROR(VLOOKUP($A$7,'Datos de Entrada (1)'!$A$7:$E$10,MATCH(D18,'Datos de Entrada (1)'!$A$6:$E$6,0),0),0) -> 0 | E19: =IFERROR(VLOOKUP($A$7,'Datos de Entrada (1)'!$A$7:$E$10,MATCH(E18,'Datos de Entrada (1)'!$A$6:$E$6,0),0),0) -> 0 | F19: =IFERROR(VLOOKUP($A$7,'Datos de Entrada (1)'!$A$7:$E$10,MATCH(F18,'Datos de Entrada (1)'!$A$6:$E$6,0),0),0) -> 0 | G19: =IFERROR(VLOOKUP($A$7,'Datos de Entrada (1)'!$A$7:$E$10,MATCH(G18,'Datos de Entrada (1)'!$A$6:$E$6,0),0),0) -> 0 | H19: =IFERROR(VLOOKUP($A$7,'Datos de Entrada (1)'!$A$7:$E$10,MATCH(H18,'Datos de Entrada (1)'!$A$6:$E$6,0),0),0) -> 0 | I19: =IFERROR(VLOOKUP($A$7,'Datos de Entrada (1)'!$A$7:$E$10,MATCH(I18,'Datos de Entrada (1)'!$A$6:$E$6,0),0),0) -> 0 | ... U19: =IFERROR(VLOOKUP($A$7,'Datos de Entrada (1)'!$A$7:$E$10,MATCH(U18,'Datos de Entrada (1)'!$A$6:$E$6,0),0),0) -> 120
A20: EXITS | B20: ='Datos de Entrada (1)'!$E$18 -> 70 | C20: =B20+B24-B19 -> 70 | D20: =C20+C24-C19 -> 70 | E20: =D20+D24-D19 -> 70 | F20: =E20+E24-E19 -> 70 | G20: =F20+F24-F19 -> 70 | H20: =G20+G24-G19 -> 70 | I20: =H20+H24-H19 -> 70 | J20: =I20+I24-I19 -> 70 | ... U20: =T20+T24-T19 -> 50
A21: NN | B21: =IF(B19=0,0,MAX(0,B19+'Datos de Entrada (1)'!$B$18-'LANZ PP'!B20)) -> 0 | C21: =IF(C19=0,0,MAX(0,C19+'Datos de Entrada (1)'!$B$18-'LANZ PP'!C20)) -> 0 | D21: =IF(D19=0,0,MAX(0,D19+'Datos de Entrada (1)'!$B$18-'LANZ PP'!D20)) -> 0 | E21: =IF(E19=0,0,MAX(0,E19+'Datos de Entrada (1)'!$B$18-'LANZ PP'!E20)) -> 0 | F21: =IF(F19=0,0,MAX(0,F19+'Datos de Entrada (1)'!$B$18-'LANZ PP'!F20)) -> 0 | G21: =IF(G19=0,0,MAX(0,G19+'Datos de Entrada (1)'!$B$18-'LANZ PP'!G20)) -> 0 | H21: =IF(H19=0,0,MAX(0,H19+'Datos de Entrada (1)'!$B$18-'LANZ PP'!H20)) -> 0 | I21: =IF(I19=0,0,MAX(0,I19+'Datos de Entrada (1)'!$B$18-'LANZ PP'!I20)) -> 0 | ... U21: =IF(U19=0,0,MAX(0,U19+'Datos de Entrada (1)'!$B$18-'LANZ PP'!U20)) -> 120
A22: AUXILIAR (NN, CON DEFECTOS) | B22: =ROUNDUP(B21/(1-('Datos de Entrada (1)'!$D$18/100)),0) -> 0 | C22: =ROUNDUP(C21/(1-('Datos de Entrada (1)'!$D$18/100)),0) -> 0 | D22: =ROUNDUP(D21/(1-('Datos de Entrada (1)'!$D$18/100)),0) -> 0 | E22: =ROUNDUP(E21/(1-('Datos de Entrada (1)'!$D$18/100)),0) -> 0 | F22: =ROUNDUP(F21/(1-('Datos de Entrada (1)'!$D$18/100)),0) -> 0 | G22: =ROUNDUP(G21/(1-('Datos de Entrada (1)'!$D$18/100)),0) -> 0 | H22: =ROUNDUP(H21/(1-('Datos de Entrada (1)'!$D$18/100)),0) -> 0 | I22: =ROUNDUP(I21/(1-('Datos de Entrada (1)'!$D$18/100)),0) -> 0 | ... U22: =ROUNDUP(U21/(1-('Datos de Entrada (1)'!$D$18/100)),0) -> 120
A23: RPP | B23: =ROUNDUP(B22/'Datos de Entrada (1)'!$F$18,0)*'Datos de Entrada (1)'!$F$18 -> 0 | C23: =ROUNDUP(C22/'Datos de Entrada (1)'!$F$18,0)*'Datos de Entrada (1)'!$F$18 -> 0 | D23: =ROUNDUP(D22/'Datos de Entrada (1)'!$F$18,0)*'Datos de Entrada (1)'!$F$18 -> 0 | E23: =ROUNDUP(E22/'Datos de Entrada (1)'!$F$18,0)*'Datos de Entrada (1)'!$F$18 -> 0 | F23: =ROUNDUP(F22/'Datos de Entrada (1)'!$F$18,0)*'Datos de Entrada (1)'!$F$18 -> 0 | G23: =ROUNDUP(G22/'Datos de Entrada (1)'!$F$18,0)*'Datos de Entrada (1)'!$F$18 -> 0 | H23: =ROUNDUP(H22/'Datos de Entrada (1)'!$F$18,0)*'Datos de Entrada (1)'!$F$18 -> 0 | I23: =ROUNDUP(I22/'Datos de Entrada (1)'!$F$18,0)*'Datos de Entrada (1)'!$F$18 -> 0 | ... U23: =ROUNDUP(U22/'Datos de Entrada (1)'!$F$18,0)*'Datos de Entrada (1)'!$F$18 -> 120
A24: AUXILIAR 3 (CORRECTAS) | B24: =ROUNDDOWN(B23*(1-('Datos de Entrada (1)'!$D$18/100)),0) -> 0 | C24: =ROUNDDOWN(C23*(1-('Datos de Entrada (1)'!$D$18/100)),0) -> 0 | D24: =ROUNDDOWN(D23*(1-('Datos de Entrada (1)'!$D$18/100)),0) -> 0 | E24: =ROUNDDOWN(E23*(1-('Datos de Entrada (1)'!$D$18/100)),0) -> 0 | F24: =ROUNDDOWN(F23*(1-('Datos de Entrada (1)'!$D$18/100)),0) -> 0 | G24: =ROUNDDOWN(G23*(1-('Datos de Entrada (1)'!$D$18/100)),0) -> 0 | H24: =ROUNDDOWN(H23*(1-('Datos de Entrada (1)'!$D$18/100)),0) -> 0 | I24: =ROUNDDOWN(I23*(1-('Datos de Entrada (1)'!$D$18/100)),0) -> 0 | ... U24: =ROUNDDOWN(U23*(1-('Datos de Entrada (1)'!$D$18/100)),0) -> 120
A25: LANZ PP (EN CUENTA DEF. Y LOTE) | B25: =OFFSET(B23,0,'Datos de Entrada (1)'!$C$18) -> 0 | C25: =OFFSET(C23,0,'Datos de Entrada (1)'!$C$18) -> 0 | D25: =OFFSET(D23,0,'Datos de Entrada (1)'!$C$18) -> 0 | E25: =OFFSET(E23,0,'Datos de Entrada (1)'!$C$18) -> 0 | F25: =OFFSET(F23,0,'Datos de Entrada (1)'!$C$18) -> 0 | G25: =OFFSET(G23,0,'Datos de Entrada (1)'!$C$18) -> 0 | H25: =OFFSET(H23,0,'Datos de Entrada (1)'!$C$18) -> 0 | I25: =OFFSET(I23,0,'Datos de Entrada (1)'!$C$18) -> 0 | ... U25: =OFFSET(U23,0,'Datos de Entrada (1)'!$C$18) -> 0
A27: P2 | B27: 1 | C27: 2 | D27: 3 | E27: 4 | F27: 5 | G27: 6 | H27: 7 | I27: 8 | J27: 9 | K27: 10 | L27: 11 | M27: 12 | N27: 13 | O27: 14 | P27: 15 | Q27: 16 | R27: 17 | S27: 18 | T27: 19 | U27: 20
A28: NB | B28: =IFERROR(VLOOKUP($A$8,'Datos de Entrada (1)'!$A$7:$E$10,MATCH(B27,'Datos de Entrada (1)'!$A$6:$E$6,0),0),0) -> 0 | C28: =IFERROR(VLOOKUP($A$8,'Datos de Entrada (1)'!$A$7:$E$10,MATCH(C27,'Datos de Entrada (1)'!$A$6:$E$6,0),0),0) -> 0 | D28: =IFERROR(VLOOKUP($A$8,'Datos de Entrada (1)'!$A$7:$E$10,MATCH(D27,'Datos de Entrada (1)'!$A$6:$E$6,0),0),0) -> 0 | E28: =IFERROR(VLOOKUP($A$8,'Datos de Entrada (1)'!$A$7:$E$10,MATCH(E27,'Datos de Entrada (1)'!$A$6:$E$6,0),0),0) -> 0 | F28: =IFERROR(VLOOKUP($A$8,'Datos de Entrada (1)'!$A$7:$E$10,MATCH(F27,'Datos de Entrada (1)'!$A$6:$E$6,0),0),0) -> 0 | G28: =IFERROR(VLOOKUP($A$8,'Datos de Entrada (1)'!$A$7:$E$10,MATCH(G27,'Datos de Entrada (1)'!$A$6:$E$6,0),0),0) -> 0 | H28: =IFERROR(VLOOKUP($A$8,'Datos de Entrada (1)'!$A$7:$E$10,MATCH(H27,'Datos de Entrada (1)'!$A$6:$E$6,0),0),0) -> 0 | I28: =IFERROR(VLOOKUP($A$8,'Datos de Entrada (1)'!$A$7:$E$10,MATCH(I27,'Datos de Entrada (1)'!$A$6:$E$6,0),0),0) -> 0 | ... U28: =IFERROR(VLOOKUP($A$8,'Datos de Entrada (1)'!$A$7:$E$10,MATCH(U27,'Datos de Entrada (1)'!$A$6:$E$6,0),0),0) -> 250
A29: EXITS | B29: ='Datos de Entrada (1)'!$E$19 -> 120 | C29: =B29+B33-B28 -> 120 | D29: =C29+C33-C28 -> 120 | E29: =D29+D33-D28 -> 120 | F29: =E29+E33-E28 -> 120 | G29: =F29+F33-F28 -> 120 | H29: =G29+G33-G28 -> 120 | I29: =H29+H33-H28 -> 120 | J29: =I29+I33-I28 -> 120 | ... U29: =T29+T33-T28 -> 100
A30: NN | B30: =IF(B28=0,0,MAX(0,B28+'Datos de Entrada (1)'!$B$19-'LANZ PP'!B29)) -> 0 | C30: =IF(C28=0,0,MAX(0,C28+'Datos de Entrada (1)'!$B$19-'LANZ PP'!C29)) -> 0 | D30: =IF(D28=0,0,MAX(0,D28+'Datos de Entrada (1)'!$B$19-'LANZ PP'!D29)) -> 0 | E30: =IF(E28=0,0,MAX(0,E28+'Datos de Entrada (1)'!$B$19-'LANZ PP'!E29)) -> 0 | F30: =IF(F28=0,0,MAX(0,F28+'Datos de Entrada (1)'!$B$19-'LANZ PP'!F29)) -> 0 | G30: =IF(G28=0,0,MAX(0,G28+'Datos de Entrada (1)'!$B$19-'LANZ PP'!G29)) -> 0 | H30: =IF(H28=0,0,MAX(0,H28+'Datos de Entrada (1)'!$B$19-'LANZ PP'!H29)) -> 0 | I30: =IF(I28=0,0,MAX(0,I28+'Datos de Entrada (1)'!$B$19-'LANZ PP'!I29)) -> 0 | ... U30: =IF(U28=0,0,MAX(0,U28+'Datos de Entrada (1)'!$B$19-'LANZ PP'!U29)) -> 250
A31: AUXILIAR (NN, CON DEFECTOS) | B31: =ROUNDUP(B30/(1-('Datos de Entrada (1)'!$D$19/100)),0) -> 0 | C31: =ROUNDUP(C30/(1-('Datos de Entrada (1)'!$D$19/100)),0) -> 0 | D31: =ROUNDUP(D30/(1-('Datos de Entrada (1)'!$D$19/100)),0) -> 0 | E31: =ROUNDUP(E30/(1-('Datos de Entrada (1)'!$D$19/100)),0) -> 0 | F31: =ROUNDUP(F30/(1-('Datos de Entrada (1)'!$D$19/100)),0) -> 0 | G31: =ROUNDUP(G30/(1-('Datos de Entrada (1)'!$D$19/100)),0) -> 0 | H31: =ROUNDUP(H30/(1-('Datos de Entrada (1)'!$D$19/100)),0) -> 0 | I31: =ROUNDUP(I30/(1-('Datos de Entrada (1)'!$D$19/100)),0) -> 0 | ... U31: =ROUNDUP(U30/(1-('Datos de Entrada (1)'!$D$19/100)),0) -> 250
A32: RPP | B32: =ROUNDUP(B31/'Datos de Entrada (1)'!$F$19,0)*'Datos de Entrada (1)'!$F$19 -> 0 | C32: =ROUNDUP(C31/'Datos de Entrada (1)'!$F$19,0)*'Datos de Entrada (1)'!$F$19 -> 0 | D32: =ROUNDUP(D31/'Datos de Entrada (1)'!$F$19,0)*'Datos de Entrada (1)'!$F$19 -> 0 | E32: =ROUNDUP(E31/'Datos de Entrada (1)'!$F$19,0)*'Datos de Entrada (1)'!$F$19 -> 0 | F32: =ROUNDUP(F31/'Datos de Entrada (1)'!$F$19,0)*'Datos de Entrada (1)'!$F$19 -> 0 | G32: =ROUNDUP(G31/'Datos de Entrada (1)'!$F$19,0)*'Datos de Entrada (1)'!$F$19 -> 0 | H32: =ROUNDUP(H31/'Datos de Entrada (1)'!$F$19,0)*'Datos de Entrada (1)'!$F$19 -> 0 | I32: =ROUNDUP(I31/'Datos de Entrada (1)'!$F$19,0)*'Datos de Entrada (1)'!$F$19 -> 0 | ... U32: =ROUNDUP(U31/'Datos de Entrada (1)'!$F$19,0)*'Datos de Entrada (1)'!$F$19 -> 250
A33: AUXILIAR 3 (CORRECTAS) | B33: =ROUNDDOWN(B32*(1-('Datos de Entrada (1)'!$D$19/100)),0) -> 0 | C33: =ROUNDDOWN(C32*(1-('Datos de Entrada (1)'!$D$19/100)),0) -> 0 | D33: =ROUNDDOWN(D32*(1-('Datos de Entrada (1)'!$D$19/100)),0) -> 0 | E33: =ROUNDDOWN(E32*(1-('Datos de Entrada (1)'!$D$19/100)),0) -> 0 | F33: =ROUNDDOWN(F32*(1-('Datos de Entrada (1)'!$D$19/100)),0) -> 0 | G33: =ROUNDDOWN(G32*(1-('Datos de Entrada (1)'!$D$19/100)),0) -> 0 | H33: =ROUNDDOWN(H32*(1-('Datos de Entrada (1)'!$D$19/100)),0) -> 0 | I33: =ROUNDDOWN(I32*(1-('Datos de Entrada (1)'!$D$19/100)),0) -> 0 | ... U33: =ROUNDDOWN(U32*(1-('Datos de Entrada (1)'!$D$19/100)),0) -> 250
A34: LANZ PP (EN CUENTA DEF. Y LOTE) | B34: =OFFSET(B32,0,'Datos de Entrada (1)'!$C$19) -> 0 | C34: =OFFSET(C32,0,'Datos de Entrada (1)'!$C$19) -> 0 | D34: =OFFSET(D32,0,'Datos de Entrada (1)'!$C$19) -> 0 | E34: =OFFSET(E32,0,'Datos de Entrada (1)'!$C$19) -> 0 | F34: =OFFSET(F32,0,'Datos de Entrada (1)'!$C$19) -> 0 | G34: =OFFSET(G32,0,'Datos de Entrada (1)'!$C$19) -> 0 | H34: =OFFSET(H32,0,'Datos de Entrada (1)'!$C$19) -> 0 | I34: =OFFSET(I32,0,'Datos de Entrada (1)'!$C$19) -> 0 | ... U34: =OFFSET(U32,0,'Datos de Entrada (1)'!$C$19) -> 0
A36: S11 | B36: 1 | C36: 2 | D36: 3 | E36: 4 | F36: 5 | G36: 6 | H36: 7 | I36: 8 | J36: 9 | K36: 10 | L36: 11 | M36: 12 | N36: 13 | O36: 14 | P36: 15 | Q36: 16 | R36: 17 | S36: 18 | T36: 19 | U36: 20
A37: NB | B37: ='Datos de Entrada (2)'!$G$5*'LANZ PP CAMBIOS'!B25+IFERROR(VLOOKUP($A$9,'Datos de Entrada (1)'!$A$7:$E$10,MATCH(B36,'Datos de Entrada (1)'!$A$6:$E$6,0),0),0) -> 0 | C37: ='Datos de Entrada (2)'!$G$5*'LANZ PP CAMBIOS'!C25+IFERROR(VLOOKUP($A$9,'Datos de Entrada (1)'!$A$7:$E$10,MATCH(C36,'Datos de Entrada (1)'!$A$6:$E$6,0),0),0) -> 0 | D37: ='Datos de Entrada (2)'!$G$5*'LANZ PP CAMBIOS'!D25+IFERROR(VLOOKUP($A$9,'Datos de Entrada (1)'!$A$7:$E$10,MATCH(D36,'Datos de Entrada (1)'!$A$6:$E$6,0),0),0) -> 0 | E37: ='Datos de Entrada (2)'!$G$5*'LANZ PP CAMBIOS'!E25+IFERROR(VLOOKUP($A$9,'Datos de Entrada (1)'!$A$7:$E$10,MATCH(E36,'Datos de Entrada (1)'!$A$6:$E$6,0),0),0) -> 0 | F37: ='Datos de Entrada (2)'!$G$5*'LANZ PP CAMBIOS'!F25+IFERROR(VLOOKUP($A$9,'Datos de Entrada (1)'!$A$7:$E$10,MATCH(F36,'Datos de Entrada (1)'!$A$6:$E$6,0),0),0) -> 0 | G37: ='Datos de Entrada (2)'!$G$5*'LANZ PP CAMBIOS'!G25+IFERROR(VLOOKUP($A$9,'Datos de Entrada (1)'!$A$7:$E$10,MATCH(G36,'Datos de Entrada (1)'!$A$6:$E$6,0),0),0) -> 0 | H37: ='Datos de Entrada (2)'!$G$5*'LANZ PP CAMBIOS'!H25+IFERROR(VLOOKUP($A$9,'Datos de Entrada (1)'!$A$7:$E$10,MATCH(H36,'Datos de Entrada (1)'!$A$6:$E$6,0),0),0) -> 0 | I37: ='Datos de Entrada (2)'!$G$5*'LANZ PP CAMBIOS'!I25+IFERROR(VLOOKUP($A$9,'Datos de Entrada (1)'!$A$7:$E$10,MATCH(I36,'Datos de Entrada (1)'!$A$6:$E$6,0),0),0) -> 0 | ... U37: ='Datos de Entrada (2)'!$G$5*'LANZ PP CAMBIOS'!U25+IFERROR(VLOOKUP($A$9,'Datos de Entrada (1)'!$A$7:$E$10,MATCH(U36,'Datos de Entrada (1)'!$A$6:$E$6,0),0),0) -> 0
A38: EXITS | B38: ='Datos de Entrada (1)'!$E$20 -> 20 | C38: =B38+B42-B37 -> 20 | D38: =C38+C42-C37 -> 20 | E38: =D38+D42-D37 -> 20 | F38: =E38+E42-E37 -> 20 | G38: =F38+F42-F37 -> 20 | H38: =G38+G42-G37 -> 20 | I38: =H38+H42-H37 -> 20 | J38: =I38+I42-I37 -> 20 | ... U38: =T38+T42-T37 -> 40
A39: NN | B39: =IF(B37=0,0,MAX(0,B37+'Datos de Entrada (1)'!$B$20-'LANZ PP'!B38)) -> 0 | C39: =IF(C37=0,0,MAX(0,C37+'Datos de Entrada (1)'!$B$20-'LANZ PP'!C38)) -> 0 | D39: =IF(D37=0,0,MAX(0,D37+'Datos de Entrada (1)'!$B$20-'LANZ PP'!D38)) -> 0 | E39: =IF(E37=0,0,MAX(0,E37+'Datos de Entrada (1)'!$B$20-'LANZ PP'!E38)) -> 0 | F39: =IF(F37=0,0,MAX(0,F37+'Datos de Entrada (1)'!$B$20-'LANZ PP'!F38)) -> 0 | G39: =IF(G37=0,0,MAX(0,G37+'Datos de Entrada (1)'!$B$20-'LANZ PP'!G38)) -> 0 | H39: =IF(H37=0,0,MAX(0,H37+'Datos de Entrada (1)'!$B$20-'LANZ PP'!H38)) -> 0 | I39: =IF(I37=0,0,MAX(0,I37+'Datos de Entrada (1)'!$B$20-'LANZ PP'!I38)) -> 0 | ... U39: =IF(U37=0,0,MAX(0,U37+'Datos de Entrada (1)'!$B$20-'LANZ PP'!U38)) -> 0
A40: AUXILIAR (NN, CON DEFECTOS) | B40: =ROUNDUP(B39/(1-('Datos de Entrada (1)'!$D$20/100)),0) -> 0 | C40: =ROUNDUP(C39/(1-('Datos de Entrada (1)'!$D$20/100)),0) -> 0 | D40: =ROUNDUP(D39/(1-('Datos de Entrada (1)'!$D$20/100)),0) -> 0 | E40: =ROUNDUP(E39/(1-('Datos de Entrada (1)'!$D$20/100)),0) -> 0 | F40: =ROUNDUP(F39/(1-('Datos de Entrada (1)'!$D$20/100)),0) -> 0 | G40: =ROUNDUP(G39/(1-('Datos de Entrada (1)'!$D$20/100)),0) -> 0 | H40: =ROUNDUP(H39/(1-('Datos de Entrada (1)'!$D$20/100)),0) -> 0 | I40: =ROUNDUP(I39/(1-('Datos de Entrada (1)'!$D$20/100)),0) -> 0 | ... U40: =ROUNDUP(U39/(1-('Datos de Entrada (1)'!$D$20/100)),0) -> 0
A41: RPP | B41: =ROUNDUP(B40/'Datos de Entrada (1)'!$F$20,0)*'Datos de Entrada (1)'!$F$20 -> 0 | C41: =ROUNDUP(C40/'Datos de Entrada (1)'!$F$20,0)*'Datos de Entrada (1)'!$F$20 -> 0 | D41: =ROUNDUP(D40/'Datos de Entrada (1)'!$F$20,0)*'Datos de Entrada (1)'!$F$20 -> 0 | E41: =ROUNDUP(E40/'Datos de Entrada (1)'!$F$20,0)*'Datos de Entrada (1)'!$F$20 -> 0 | F41: =ROUNDUP(F40/'Datos de Entrada (1)'!$F$20,0)*'Datos de Entrada (1)'!$F$20 -> 0 | G41: =ROUNDUP(G40/'Datos de Entrada (1)'!$F$20,0)*'Datos de Entrada (1)'!$F$20 -> 0 | H41: =ROUNDUP(H40/'Datos de Entrada (1)'!$F$20,0)*'Datos de Entrada (1)'!$F$20 -> 0 | I41: =ROUNDUP(I40/'Datos de Entrada (1)'!$F$20,0)*'Datos de Entrada (1)'!$F$20 -> 0 | ... U41: =ROUNDUP(U40/'Datos de Entrada (1)'!$F$20,0)*'Datos de Entrada (1)'!$F$20 -> 0
A42: AUXILIAR 3 (CORRECTAS) | B42: =ROUNDDOWN(B41*(1-('Datos de Entrada (1)'!$D$20/100)),0) -> 0 | C42: =ROUNDDOWN(C41*(1-('Datos de Entrada (1)'!$D$20/100)),0) -> 0 | D42: =ROUNDDOWN(D41*(1-('Datos de Entrada (1)'!$D$20/100)),0) -> 0 | E42: =ROUNDDOWN(E41*(1-('Datos de Entrada (1)'!$D$20/100)),0) -> 0 | F42: =ROUNDDOWN(F41*(1-('Datos de Entrada (1)'!$D$20/100)),0) -> 0 | G42: =ROUNDDOWN(G41*(1-('Datos de Entrada (1)'!$D$20/100)),0) -> 0 | H42: =ROUNDDOWN(H41*(1-('Datos de Entrada (1)'!$D$20/100)),0) -> 0 | I42: =ROUNDDOWN(I41*(1-('Datos de Entrada (1)'!$D$20/100)),0) -> 0 | ... U42: =ROUNDDOWN(U41*(1-('Datos de Entrada (1)'!$D$20/100)),0) -> 0
A43: LANZ PP (EN CUENTA DEF. Y LOTE) | B43: =OFFSET(B41,0,'Datos de Entrada (1)'!$C$20) -> 0 | C43: =OFFSET(C41,0,'Datos de Entrada (1)'!$C$20) -> 0 | D43: =OFFSET(D41,0,'Datos de Entrada (1)'!$C$20) -> 0 | E43: =OFFSET(E41,0,'Datos de Entrada (1)'!$C$20) -> 0 | F43: =OFFSET(F41,0,'Datos de Entrada (1)'!$C$20) -> 0 | G43: =OFFSET(G41,0,'Datos de Entrada (1)'!$C$20) -> 0 | H43: =OFFSET(H41,0,'Datos de Entrada (1)'!$C$20) -> 0 | I43: =OFFSET(I41,0,'Datos de Entrada (1)'!$C$20) -> 0 | ... U43: =OFFSET(U41,0,'Datos de Entrada (1)'!$C$20) -> 0
A45: S12 | B45: 1 | C45: 2 | D45: 3 | E45: 4 | F45: 5 | G45: 6 | H45: 7 | I45: 8 | J45: 9 | K45: 10 | L45: 11 | M45: 12 | N45: 13 | O45: 14 | P45: 15 | Q45: 16 | R45: 17 | S45: 18 | T45: 19 | U45: 20
A46: NB | B46: ='Datos de Entrada (2)'!$D$18*'LANZ PP CAMBIOS'!B34+IFERROR(VLOOKUP($A$10,'Datos de Entrada (1)'!$A$7:$E$10,MATCH(B45,'Datos de Entrada (1)'!$A$6:$E$6,0),0),0) -> 0 | C46: ='Datos de Entrada (2)'!$D$18*'LANZ PP CAMBIOS'!C34+IFERROR(VLOOKUP($A$10,'Datos de Entrada (1)'!$A$7:$E$10,MATCH(C45,'Datos de Entrada (1)'!$A$6:$E$6,0),0),0) -> 0 | D46: ='Datos de Entrada (2)'!$D$18*'LANZ PP CAMBIOS'!D34+IFERROR(VLOOKUP($A$10,'Datos de Entrada (1)'!$A$7:$E$10,MATCH(D45,'Datos de Entrada (1)'!$A$6:$E$6,0),0),0) -> 0 | E46: ='Datos de Entrada (2)'!$D$18*'LANZ PP CAMBIOS'!E34+IFERROR(VLOOKUP($A$10,'Datos de Entrada (1)'!$A$7:$E$10,MATCH(E45,'Datos de Entrada (1)'!$A$6:$E$6,0),0),0) -> 0 | F46: ='Datos de Entrada (2)'!$D$18*'LANZ PP CAMBIOS'!F34+IFERROR(VLOOKUP($A$10,'Datos de Entrada (1)'!$A$7:$E$10,MATCH(F45,'Datos de Entrada (1)'!$A$6:$E$6,0),0),0) -> 0 | G46: ='Datos de Entrada (2)'!$D$18*'LANZ PP CAMBIOS'!G34+IFERROR(VLOOKUP($A$10,'Datos de Entrada (1)'!$A$7:$E$10,MATCH(G45,'Datos de Entrada (1)'!$A$6:$E$6,0),0),0) -> 0 | H46: ='Datos de Entrada (2)'!$D$18*'LANZ PP CAMBIOS'!H34+IFERROR(VLOOKUP($A$10,'Datos de Entrada (1)'!$A$7:$E$10,MATCH(H45,'Datos de Entrada (1)'!$A$6:$E$6,0),0),0) -> 0 | I46: ='Datos de Entrada (2)'!$D$18*'LANZ PP CAMBIOS'!I34+IFERROR(VLOOKUP($A$10,'Datos de Entrada (1)'!$A$7:$E$10,MATCH(I45,'Datos de Entrada (1)'!$A$6:$E$6,0),0),0) -> 0 | ... U46: ='Datos de Entrada (2)'!$D$18*'LANZ PP CAMBIOS'!U34+IFERROR(VLOOKUP($A$10,'Datos de Entrada (1)'!$A$7:$E$10,MATCH(U45,'Datos de Entrada (1)'!$A$6:$E$6,0),0),0) -> 0
A47: EXITS | B47: ='Datos de Entrada (1)'!$E$21 -> 20 | C47: =B47+B51-B46 -> 20 | D47: =C47+C51-C46 -> 20 | E47: =D47+D51-D46 -> 20 | F47: =E47+E51-E46 -> 20 | G47: =F47+F51-F46 -> 20 | H47: =G47+G51-G46 -> 20 | I47: =H47+H51-H46 -> 20 | J47: =I47+I51-I46 -> 20 | ... U47: =T47+T51-T46 -> 69
A48: NN | B48: =IF(B46=0,0,MAX(0,B46+'Datos de Entrada (1)'!$B$21-'LANZ PP'!B47)) -> 0 | C48: =IF(C46=0,0,MAX(0,C46+'Datos de Entrada (1)'!$B$21-'LANZ PP'!C47)) -> 0 | D48: =IF(D46=0,0,MAX(0,D46+'Datos de Entrada (1)'!$B$21-'LANZ PP'!D47)) -> 0 | E48: =IF(E46=0,0,MAX(0,E46+'Datos de Entrada (1)'!$B$21-'LANZ PP'!E47)) -> 0 | F48: =IF(F46=0,0,MAX(0,F46+'Datos de Entrada (1)'!$B$21-'LANZ PP'!F47)) -> 0 | G48: =IF(G46=0,0,MAX(0,G46+'Datos de Entrada (1)'!$B$21-'LANZ PP'!G47)) -> 0 | H48: =IF(H46=0,0,MAX(0,H46+'Datos de Entrada (1)'!$B$21-'LANZ PP'!H47)) -> 0 | I48: =IF(I46=0,0,MAX(0,I46+'Datos de Entrada (1)'!$B$21-'LANZ PP'!I47)) -> 0 | ... U48: =IF(U46=0,0,MAX(0,U46+'Datos de Entrada (1)'!$B$21-'LANZ PP'!U47)) -> 0
A49: AUXILIAR (NN, CON DEFECTOS) | B49: =ROUNDUP(B48/(1-('Datos de Entrada (1)'!$D$21/100)),0) -> 0 | C49: =ROUNDUP(C48/(1-('Datos de Entrada (1)'!$D$21/100)),0) -> 0 | D49: =ROUNDUP(D48/(1-('Datos de Entrada (1)'!$D$21/100)),0) -> 0 | E49: =ROUNDUP(E48/(1-('Datos de Entrada (1)'!$D$21/100)),0) -> 0 | F49: =ROUNDUP(F48/(1-('Datos de Entrada (1)'!$D$21/100)),0) -> 0 | G49: =ROUNDUP(G48/(1-('Datos de Entrada (1)'!$D$21/100)),0) -> 0 | H49: =ROUNDUP(H48/(1-('Datos de Entrada (1)'!$D$21/100)),0) -> 0 | I49: =ROUNDUP(I48/(1-('Datos de Entrada (1)'!$D$21/100)),0) -> 0 | ... U49: =ROUNDUP(U48/(1-('Datos de Entrada (1)'!$D$21/100)),0) -> 0
A50: RPP | B50: =ROUNDUP(B49/'Datos de Entrada (1)'!$F$21,0)*'Datos de Entrada (1)'!$F$21 -> 0 | C50: =ROUNDUP(C49/'Datos de Entrada (1)'!$F$21,0)*'Datos de Entrada (1)'!$F$21 -> 0 | D50: =ROUNDUP(D49/'Datos de Entrada (1)'!$F$21,0)*'Datos de Entrada (1)'!$F$21 -> 0 | E50: =ROUNDUP(E49/'Datos de Entrada (1)'!$F$21,0)*'Datos de Entrada (1)'!$F$21 -> 0 | F50: =ROUNDUP(F49/'Datos de Entrada (1)'!$F$21,0)*'Datos de Entrada (1)'!$F$21 -> 0 | G50: =ROUNDUP(G49/'Datos de Entrada (1)'!$F$21,0)*'Datos de Entrada (1)'!$F$21 -> 0 | H50: =ROUNDUP(H49/'Datos de Entrada (1)'!$F$21,0)*'Datos de Entrada (1)'!$F$21 -> 0 | I50: =ROUNDUP(I49/'Datos de Entrada (1)'!$F$21,0)*'Datos de Entrada (1)'!$F$21 -> 0 | ... U50: =ROUNDUP(U49/'Datos de Entrada (1)'!$F$21,0)*'Datos de Entrada (1)'!$F$21 -> 0
A51: AUXILIAR 3 (CORRECTAS) | B51: =ROUNDDOWN(B50*(1-('Datos de Entrada (1)'!$D$21/100)),0) -> 0 | C51: =ROUNDDOWN(C50*(1-('Datos de Entrada (1)'!$D$21/100)),0) -> 0 | D51: =ROUNDDOWN(D50*(1-('Datos de Entrada (1)'!$D$21/100)),0) -> 0 | E51: =ROUNDDOWN(E50*(1-('Datos de Entrada (1)'!$D$21/100)),0) -> 0 | F51: =ROUNDDOWN(F50*(1-('Datos de Entrada (1)'!$D$21/100)),0) -> 0 | G51: =ROUNDDOWN(G50*(1-('Datos de Entrada (1)'!$D$21/100)),0) -> 0 | H51: =ROUNDDOWN(H50*(1-('Datos de Entrada (1)'!$D$21/100)),0) -> 0 | I51: =ROUNDDOWN(I50*(1-('Datos de Entrada (1)'!$D$21/100)),0) -> 0 | ... U51: =ROUNDDOWN(U50*(1-('Datos de Entrada (1)'!$D$21/100)),0) -> 0
A52: LANZ PP (EN CUENTA DEF. Y LOTE) | B52: =OFFSET(B50,0,'Datos de Entrada (1)'!$C$21) -> 0 | C52: =OFFSET(C50,0,'Datos de Entrada (1)'!$C$21) -> 0 | D52: =OFFSET(D50,0,'Datos de Entrada (1)'!$C$21) -> 0 | E52: =OFFSET(E50,0,'Datos de Entrada (1)'!$C$21) -> 0 | F52: =OFFSET(F50,0,'Datos de Entrada (1)'!$C$21) -> 0 | G52: =OFFSET(G50,0,'Datos de Entrada (1)'!$C$21) -> 0 | H52: =OFFSET(H50,0,'Datos de Entrada (1)'!$C$21) -> 0 | I52: =OFFSET(I50,0,'Datos de Entrada (1)'!$C$21) -> 0 | ... U52: =OFFSET(U50,0,'Datos de Entrada (1)'!$C$21) -> 0
A54: S13 | B54: 1 | C54: 2 | D54: 3 | E54: 4 | F54: 5 | G54: 6 | H54: 7 | I54: 8 | J54: 9 | K54: 10 | L54: 11 | M54: 12 | N54: 13 | O54: 14 | P54: 15 | Q54: 16 | R54: 17 | S54: 18 | T54: 19 | U54: 20
A55: NB | B55: ='Datos de Entrada (2)'!$H$18*'LANZ PP CAMBIOS'!B34+IFERROR(VLOOKUP($A$11,'Datos de Entrada (1)'!$A$7:$E$10,MATCH(B54,'Datos de Entrada (1)'!$A$6:$E$6,0),0),0) -> 0 | C55: ='Datos de Entrada (2)'!$H$18*'LANZ PP CAMBIOS'!C34+IFERROR(VLOOKUP($A$11,'Datos de Entrada (1)'!$A$7:$E$10,MATCH(C54,'Datos de Entrada (1)'!$A$6:$E$6,0),0),0) -> 0 | D55: ='Datos de Entrada (2)'!$H$18*'LANZ PP CAMBIOS'!D34+IFERROR(VLOOKUP($A$11,'Datos de Entrada (1)'!$A$7:$E$10,MATCH(D54,'Datos de Entrada (1)'!$A$6:$E$6,0),0),0) -> 0 | E55: ='Datos de Entrada (2)'!$H$18*'LANZ PP CAMBIOS'!E34+IFERROR(VLOOKUP($A$11,'Datos de Entrada (1)'!$A$7:$E$10,MATCH(E54,'Datos de Entrada (1)'!$A$6:$E$6,0),0),0) -> 0 | F55: ='Datos de Entrada (2)'!$H$18*'LANZ PP CAMBIOS'!F34+IFERROR(VLOOKUP($A$11,'Datos de Entrada (1)'!$A$7:$E$10,MATCH(F54,'Datos de Entrada (1)'!$A$6:$E$6,0),0),0) -> 0 | G55: ='Datos de Entrada (2)'!$H$18*'LANZ PP CAMBIOS'!G34+IFERROR(VLOOKUP($A$11,'Datos de Entrada (1)'!$A$7:$E$10,MATCH(G54,'Datos de Entrada (1)'!$A$6:$E$6,0),0),0) -> 0 | H55: ='Datos de Entrada (2)'!$H$18*'LANZ PP CAMBIOS'!H34+IFERROR(VLOOKUP($A$11,'Datos de Entrada (1)'!$A$7:$E$10,MATCH(H54,'Datos de Entrada (1)'!$A$6:$E$6,0),0),0) -> 0 | I55: ='Datos de Entrada (2)'!$H$18*'LANZ PP CAMBIOS'!I34+IFERROR(VLOOKUP($A$11,'Datos de Entrada (1)'!$A$7:$E$10,MATCH(I54,'Datos de Entrada (1)'!$A$6:$E$6,0),0),0) -> 0 | ... U55: ='Datos de Entrada (2)'!$H$18*'LANZ PP CAMBIOS'!U34+IFERROR(VLOOKUP($A$11,'Datos de Entrada (1)'!$A$7:$E$10,MATCH(U54,'Datos de Entrada (1)'!$A$6:$E$6,0),0),0) -> 0
A56: EXITS | B56: ='Datos de Entrada (1)'!$E$22 -> 50 | C56: =B56+C59-B55 -> 50 | D56: =C56+C60-C55 -> 50 | E56: =D56+D60-D55 -> 50 | F56: =E56+E60-E55 -> 50 | G56: =F56+F60-F55 -> 50 | H56: =G56+G60-G55 -> 50 | I56: =H56+H60-H55 -> 50 | J56: =I56+I60-I55 -> 50 | K56: =J56+J60-J55 -> 50 | ... U56: =T56+T60-T55 -> 29
A57: NN | B57: =IF(B55=0,0,MAX(0,B55+'Datos de Entrada (1)'!$B$22-'LANZ PP'!B56)) -> 0 | C57: =IF(C55=0,0,MAX(0,C55+'Datos de Entrada (1)'!$B$22-'LANZ PP'!C56)) -> 0 | D57: =IF(D55=0,0,MAX(0,D55+'Datos de Entrada (1)'!$B$22-'LANZ PP'!D56)) -> 0 | E57: =IF(E55=0,0,MAX(0,E55+'Datos de Entrada (1)'!$B$22-'LANZ PP'!E56)) -> 0 | F57: =IF(F55=0,0,MAX(0,F55+'Datos de Entrada (1)'!$B$22-'LANZ PP'!F56)) -> 0 | G57: =IF(G55=0,0,MAX(0,G55+'Datos de Entrada (1)'!$B$22-'LANZ PP'!G56)) -> 0 | H57: =IF(H55=0,0,MAX(0,H55+'Datos de Entrada (1)'!$B$22-'LANZ PP'!H56)) -> 0 | I57: =IF(I55=0,0,MAX(0,I55+'Datos de Entrada (1)'!$B$22-'LANZ PP'!I56)) -> 0 | ... U57: =IF(U55=0,0,MAX(0,U55+'Datos de Entrada (1)'!$B$22-'LANZ PP'!U56)) -> 0
A58: AUXILIAR (NN, CON DEFECTOS) | B58: =ROUNDUP(B57/(1-('Datos de Entrada (1)'!$D$22/100)),0) -> 0 | C58: =ROUNDUP(C57/(1-('Datos de Entrada (1)'!$D$22/100)),0) -> 0 | D58: =ROUNDUP(D57/(1-('Datos de Entrada (1)'!$D$22/100)),0) -> 0 | E58: =ROUNDUP(E57/(1-('Datos de Entrada (1)'!$D$22/100)),0) -> 0 | F58: =ROUNDUP(F57/(1-('Datos de Entrada (1)'!$D$22/100)),0) -> 0 | G58: =ROUNDUP(G57/(1-('Datos de Entrada (1)'!$D$22/100)),0) -> 0 | H58: =ROUNDUP(H57/(1-('Datos de Entrada (1)'!$D$22/100)),0) -> 0 | I58: =ROUNDUP(I57/(1-('Datos de Entrada (1)'!$D$22/100)),0) -> 0 | ... U58: =ROUNDUP(U57/(1-('Datos de Entrada (1)'!$D$22/100)),0) -> 0
A59: RPP | B59: =ROUNDUP(B58/'Datos de Entrada (1)'!$F$22,0)*'Datos de Entrada (1)'!$F$22 -> 0 | C59: =ROUNDUP(C58/'Datos de Entrada (1)'!$F$22,0)*'Datos de Entrada (1)'!$F$22 -> 0 | D59: =ROUNDUP(D58/'Datos de Entrada (1)'!$F$22,0)*'Datos de Entrada (1)'!$F$22 -> 0 | E59: =ROUNDUP(E58/'Datos de Entrada (1)'!$F$22,0)*'Datos de Entrada (1)'!$F$22 -> 0 | F59: =ROUNDUP(F58/'Datos de Entrada (1)'!$F$22,0)*'Datos de Entrada (1)'!$F$22 -> 0 | G59: =ROUNDUP(G58/'Datos de Entrada (1)'!$F$22,0)*'Datos de Entrada (1)'!$F$22 -> 0 | H59: =ROUNDUP(H58/'Datos de Entrada (1)'!$F$22,0)*'Datos de Entrada (1)'!$F$22 -> 0 | I59: =ROUNDUP(I58/'Datos de Entrada (1)'!$F$22,0)*'Datos de Entrada (1)'!$F$22 -> 0 | ... U59: =ROUNDUP(U58/'Datos de Entrada (1)'!$F$22,0)*'Datos de Entrada (1)'!$F$22 -> 0
A60: AUXILIAR 3 (CORRECTAS) | B60: =ROUNDDOWN(B59*(1-('Datos de Entrada (1)'!$D$22/100)),0) -> 0 | C60: =ROUNDDOWN(C59*(1-('Datos de Entrada (1)'!$D$22/100)),0) -> 0 | D60: =ROUNDDOWN(D59*(1-('Datos de Entrada (1)'!$D$22/100)),0) -> 0 | E60: =ROUNDDOWN(E59*(1-('Datos de Entrada (1)'!$D$22/100)),0) -> 0 | F60: =ROUNDDOWN(F59*(1-('Datos de Entrada (1)'!$D$22/100)),0) -> 0 | G60: =ROUNDDOWN(G59*(1-('Datos de Entrada (1)'!$D$22/100)),0) -> 0 | H60: =ROUNDDOWN(H59*(1-('Datos de Entrada (1)'!$D$22/100)),0) -> 0 | I60: =ROUNDDOWN(I59*(1-('Datos de Entrada (1)'!$D$22/100)),0) -> 0 | ... U60: =ROUNDDOWN(U59*(1-('Datos de Entrada (1)'!$D$22/100)),0) -> 0
A61: LANZ PP (EN CUENTA DEF. Y LOTE) | B61: =OFFSET(B59,0,'Datos de Entrada (1)'!$C$22) -> 0 | C61: =OFFSET(C59,0,'Datos de Entrada (1)'!$C$22) -> 0 | D61: =OFFSET(D59,0,'Datos de Entrada (1)'!$C$22) -> 0 | E61: =OFFSET(E59,0,'Datos de Entrada (1)'!$C$22) -> 0 | F61: =OFFSET(F59,0,'Datos de Entrada (1)'!$C$22) -> 0 | G61: =OFFSET(G59,0,'Datos de Entrada (1)'!$C$22) -> 0 | H61: =OFFSET(H59,0,'Datos de Entrada (1)'!$C$22) -> 0 | I61: =OFFSET(I59,0,'Datos de Entrada (1)'!$C$22) -> 0 | ... U61: =OFFSET(U59,0,'Datos de Entrada (1)'!$C$22) -> 0
A63: C1 | B63: 1 | C63: 2 | D63: 3 | E63: 4 | F63: 5 | G63: 6 | H63: 7 | I63: 8 | J63: 9 | K63: 10 | L63: 11 | M63: 12 | N63: 13 | O63: 14 | P63: 15 | Q63: 16 | R63: 17 | S63: 18 | T63: 19 | U63: 20
A64: NB | B64: ='Datos de Entrada (2)'!$E$8*'LANZ PP CAMBIOS'!B43+IFERROR(VLOOKUP($A$12,'Datos de Entrada (1)'!$A$7:$E$10,MATCH(B63,'Datos de Entrada (1)'!$A$6:$E$6,0),0),0) -> 0 | C64: ='Datos de Entrada (2)'!$E$8*'LANZ PP CAMBIOS'!C43+IFERROR(VLOOKUP($A$12,'Datos de Entrada (1)'!$A$7:$E$10,MATCH(C63,'Datos de Entrada (1)'!$A$6:$E$6,0),0),0) -> 0 | D64: ='Datos de Entrada (2)'!$E$8*'LANZ PP CAMBIOS'!D43+IFERROR(VLOOKUP($A$12,'Datos de Entrada (1)'!$A$7:$E$10,MATCH(D63,'Datos de Entrada (1)'!$A$6:$E$6,0),0),0) -> 0 | E64: ='Datos de Entrada (2)'!$E$8*'LANZ PP CAMBIOS'!E43+IFERROR(VLOOKUP($A$12,'Datos de Entrada (1)'!$A$7:$E$10,MATCH(E63,'Datos de Entrada (1)'!$A$6:$E$6,0),0),0) -> 0 | F64: ='Datos de Entrada (2)'!$E$8*'LANZ PP CAMBIOS'!F43+IFERROR(VLOOKUP($A$12,'Datos de Entrada (1)'!$A$7:$E$10,MATCH(F63,'Datos de Entrada (1)'!$A$6:$E$6,0),0),0) -> 0 | G64: ='Datos de Entrada (2)'!$E$8*'LANZ PP CAMBIOS'!G43+IFERROR(VLOOKUP($A$12,'Datos de Entrada (1)'!$A$7:$E$10,MATCH(G63,'Datos de Entrada (1)'!$A$6:$E$6,0),0),0) -> 0 | H64: ='Datos de Entrada (2)'!$E$8*'LANZ PP CAMBIOS'!H43+IFERROR(VLOOKUP($A$12,'Datos de Entrada (1)'!$A$7:$E$10,MATCH(H63,'Datos de Entrada (1)'!$A$6:$E$6,0),0),0) -> 0 | I64: ='Datos de Entrada (2)'!$E$8*'LANZ PP CAMBIOS'!I43+IFERROR(VLOOKUP($A$12,'Datos de Entrada (1)'!$A$7:$E$10,MATCH(I63,'Datos de Entrada (1)'!$A$6:$E$6,0),0),0) -> 0 | ... U64: ='Datos de Entrada (2)'!$E$8*'LANZ PP CAMBIOS'!U43+IFERROR(VLOOKUP($A$12,'Datos de Entrada (1)'!$A$7:$E$10,MATCH(U63,'Datos de Entrada (1)'!$A$6:$E$6,0),0),0) -> 0
A65: EXITS | B65: ='Datos de Entrada (1)'!$E$23 -> 50 | C65: =B65+B69-B64 -> 50 | D65: =C65+C69-C64 -> 50 | E65: =D65+D69-D64 -> 50 | F65: =E65+E69-E64 -> 50 | G65: =F65+F69-F64 -> 50 | H65: =G65+G69-G64 -> 50 | I65: =H65+H69-H64 -> 50 | J65: =I65+I69-I64 -> 50 | ... U65: =T65+T69-T64 -> 101
A66: NN | B66: =IF(B64=0,0,MAX(0,B64+'Datos de Entrada (1)'!$B$23-'LANZ PP'!B65)) -> 0 | C66: =IF(C64=0,0,MAX(0,C64+'Datos de Entrada (1)'!$B$23-'LANZ PP'!C65)) -> 0 | D66: =IF(D64=0,0,MAX(0,D64+'Datos de Entrada (1)'!$B$23-'LANZ PP'!D65)) -> 0 | E66: =IF(E64=0,0,MAX(0,E64+'Datos de Entrada (1)'!$B$23-'LANZ PP'!E65)) -> 0 | F66: =IF(F64=0,0,MAX(0,F64+'Datos de Entrada (1)'!$B$23-'LANZ PP'!F65)) -> 0 | G66: =IF(G64=0,0,MAX(0,G64+'Datos de Entrada (1)'!$B$23-'LANZ PP'!G65)) -> 0 | H66: =IF(H64=0,0,MAX(0,H64+'Datos de Entrada (1)'!$B$23-'LANZ PP'!H65)) -> 0 | I66: =IF(I64=0,0,MAX(0,I64+'Datos de Entrada (1)'!$B$23-'LANZ PP'!I65)) -> 0 | ... U66: =IF(U64=0,0,MAX(0,U64+'Datos de Entrada (1)'!$B$23-'LANZ PP'!U65)) -> 0
A67: AUXILIAR (NN, CON DEFECTOS) | B67: =ROUNDUP(B66/(1-('Datos de Entrada (1)'!$D$23/100)),0) -> 0 | C67: =ROUNDUP(C66/(1-('Datos de Entrada (1)'!$D$23/100)),0) -> 0 | D67: =ROUNDUP(D66/(1-('Datos de Entrada (1)'!$D$23/100)),0) -> 0 | E67: =ROUNDUP(E66/(1-('Datos de Entrada (1)'!$D$23/100)),0) -> 0 | F67: =ROUNDUP(F66/(1-('Datos de Entrada (1)'!$D$23/100)),0) -> 0 | G67: =ROUNDUP(G66/(1-('Datos de Entrada (1)'!$D$23/100)),0) -> 0 | H67: =ROUNDUP(H66/(1-('Datos de Entrada (1)'!$D$23/100)),0) -> 0 | I67: =ROUNDUP(I66/(1-('Datos de Entrada (1)'!$D$23/100)),0) -> 0 | ... U67: =ROUNDUP(U66/(1-('Datos de Entrada (1)'!$D$23/100)),0) -> 0
A68: RPP | B68: =ROUNDUP(B67/'Datos de Entrada (1)'!$F$23,0)*'Datos de Entrada (1)'!$F$23 -> 0 | C68: =ROUNDUP(C67/'Datos de Entrada (1)'!$F$23,0)*'Datos de Entrada (1)'!$F$23 -> 0 | D68: =ROUNDUP(D67/'Datos de Entrada (1)'!$F$23,0)*'Datos de Entrada (1)'!$F$23 -> 0 | E68: =ROUNDUP(E67/'Datos de Entrada (1)'!$F$23,0)*'Datos de Entrada (1)'!$F$23 -> 0 | F68: =ROUNDUP(F67/'Datos de Entrada (1)'!$F$23,0)*'Datos de Entrada (1)'!$F$23 -> 0 | G68: =ROUNDUP(G67/'Datos de Entrada (1)'!$F$23,0)*'Datos de Entrada (1)'!$F$23 -> 0 | H68: =ROUNDUP(H67/'Datos de Entrada (1)'!$F$23,0)*'Datos de Entrada (1)'!$F$23 -> 0 | I68: =ROUNDUP(I67/'Datos de Entrada (1)'!$F$23,0)*'Datos de Entrada (1)'!$F$23 -> 0 | ... U68: =ROUNDUP(U67/'Datos de Entrada (1)'!$F$23,0)*'Datos de Entrada (1)'!$F$23 -> 0
A69: AUXILIAR 3 (CORRECTAS) | B69: =ROUNDDOWN(B68*(1-('Datos de Entrada (1)'!$D$23/100)),0) -> 0 | C69: =ROUNDDOWN(C68*(1-('Datos de Entrada (1)'!$D$23/100)),0) -> 0 | D69: =ROUNDDOWN(D68*(1-('Datos de Entrada (1)'!$D$23/100)),0) -> 0 | E69: =ROUNDDOWN(E68*(1-('Datos de Entrada (1)'!$D$23/100)),0) -> 0 | F69: =ROUNDDOWN(F68*(1-('Datos de Entrada (1)'!$D$23/100)),0) -> 0 | G69: =ROUNDDOWN(G68*(1-('Datos de Entrada (1)'!$D$23/100)),0) -> 0 | H69: =ROUNDDOWN(H68*(1-('Datos de Entrada (1)'!$D$23/100)),0) -> 0 | I69: =ROUNDDOWN(I68*(1-('Datos de Entrada (1)'!$D$23/100)),0) -> 0 | ... U69: =ROUNDDOWN(U68*(1-('Datos de Entrada (1)'!$D$23/100)),0) -> 0
A70: LANZ PP (EN CUENTA DEF. Y LOTE) | B70: =OFFSET(B68,0,'Datos de Entrada (1)'!$C$23) -> 0 | C70: =OFFSET(C68,0,'Datos de Entrada (1)'!$C$23) -> 0 | D70: =OFFSET(D68,0,'Datos de Entrada (1)'!$C$23) -> 0 | E70: =OFFSET(E68,0,'Datos de Entrada (1)'!$C$23) -> 0 | F70: =OFFSET(F68,0,'Datos de Entrada (1)'!$C$23) -> 0 | G70: =OFFSET(G68,0,'Datos de Entrada (1)'!$C$23) -> 0 | H70: =OFFSET(H68,0,'Datos de Entrada (1)'!$C$23) -> 0 | I70: =OFFSET(I68,0,'Datos de Entrada (1)'!$C$23) -> 0 | ... U70: =OFFSET(U68,0,'Datos de Entrada (1)'!$C$23) -> 0
A72: C2 | B72: 1 | C72: 2 | D72: 3 | E72: 4 | F72: 5 | G72: 6 | H72: 7 | I72: 8 | J72: 9 | K72: 10 | L72: 11 | M72: 12 | N72: 13 | O72: 14 | P72: 15 | Q72: 16 | R72: 17 | S72: 18 | T72: 19 | U72: 20
A73: NB | B73: ='Datos de Entrada (2)'!$L$21*'LANZ PP CAMBIOS'!B34+IFERROR(VLOOKUP($A$13,'Datos de Entrada (1)'!$A$7:$E$10,MATCH(B72,'Datos de Entrada (1)'!$A$6:$E$6,0),0),0) -> 0 | C73: ='Datos de Entrada (2)'!$L$21*'LANZ PP CAMBIOS'!C34+IFERROR(VLOOKUP($A$13,'Datos de Entrada (1)'!$A$7:$E$10,MATCH(C72,'Datos de Entrada (1)'!$A$6:$E$6,0),0),0) -> 0 | D73: ='Datos de Entrada (2)'!$L$21*'LANZ PP CAMBIOS'!D34+IFERROR(VLOOKUP($A$13,'Datos de Entrada (1)'!$A$7:$E$10,MATCH(D72,'Datos de Entrada (1)'!$A$6:$E$6,0),0),0) -> 0 | E73: ='Datos de Entrada (2)'!$L$21*'LANZ PP CAMBIOS'!E34+IFERROR(VLOOKUP($A$13,'Datos de Entrada (1)'!$A$7:$E$10,MATCH(E72,'Datos de Entrada (1)'!$A$6:$E$6,0),0),0) -> 0 | F73: ='Datos de Entrada (2)'!$L$21*'LANZ PP CAMBIOS'!F34+IFERROR(VLOOKUP($A$13,'Datos de Entrada (1)'!$A$7:$E$10,MATCH(F72,'Datos de Entrada (1)'!$A$6:$E$6,0),0),0) -> 0 | G73: ='Datos de Entrada (2)'!$L$21*'LANZ PP CAMBIOS'!G34+IFERROR(VLOOKUP($A$13,'Datos de Entrada (1)'!$A$7:$E$10,MATCH(G72,'Datos de Entrada (1)'!$A$6:$E$6,0),0),0) -> 0 | H73: ='Datos de Entrada (2)'!$L$21*'LANZ PP CAMBIOS'!H34+IFERROR(VLOOKUP($A$13,'Datos de Entrada (1)'!$A$7:$E$10,MATCH(H72,'Datos de Entrada (1)'!$A$6:$E$6,0),0),0) -> 0 | I73: ='Datos de Entrada (2)'!$L$21*'LANZ PP CAMBIOS'!I34+IFERROR(VLOOKUP($A$13,'Datos de Entrada (1)'!$A$7:$E$10,MATCH(I72,'Datos de Entrada (1)'!$A$6:$E$6,0),0),0) -> 0 | ... U73: ='Datos de Entrada (2)'!$L$21*'LANZ PP CAMBIOS'!U34+IFERROR(VLOOKUP($A$13,'Datos de Entrada (1)'!$A$7:$E$10,MATCH(U72,'Datos de Entrada (1)'!$A$6:$E$6,0),0),0) -> 0
A74: EXITS | B74: ='Datos de Entrada (1)'!$E$24 -> 50 | C74: =B74+B78-B73 -> 50 | D74: =C74+C78-C73 -> 50 | E74: =D74+D78-D73 -> 50 | F74: =E74+E78-E73 -> 50 | G74: =F74+F78-F73 -> 50 | H74: =G74+G78-G73 -> 50 | I74: =H74+H78-H73 -> 50 | J74: =I74+I78-I73 -> 50 | ... U74: =T74+T78-T73 -> 104
A75: NN | B75: =IF(B73=0,0,MAX(0,B73+'Datos de Entrada (1)'!$B$24-'LANZ PP'!B74)) -> 0 | C75: =IF(C73=0,0,MAX(0,C73+'Datos de Entrada (1)'!$B$24-'LANZ PP'!C74)) -> 0 | D75: =IF(D73=0,0,MAX(0,D73+'Datos de Entrada (1)'!$B$24-'LANZ PP'!D74)) -> 0 | E75: =IF(E73=0,0,MAX(0,E73+'Datos de Entrada (1)'!$B$24-'LANZ PP'!E74)) -> 0 | F75: =IF(F73=0,0,MAX(0,F73+'Datos de Entrada (1)'!$B$24-'LANZ PP'!F74)) -> 0 | G75: =IF(G73=0,0,MAX(0,G73+'Datos de Entrada (1)'!$B$24-'LANZ PP'!G74)) -> 0 | H75: =IF(H73=0,0,MAX(0,H73+'Datos de Entrada (1)'!$B$24-'LANZ PP'!H74)) -> 0 | I75: =IF(I73=0,0,MAX(0,I73+'Datos de Entrada (1)'!$B$24-'LANZ PP'!I74)) -> 0 | ... U75: =IF(U73=0,0,MAX(0,U73+'Datos de Entrada (1)'!$B$24-'LANZ PP'!U74)) -> 0
A76: AUXILIAR (NN, CON DEFECTOS) | B76: =ROUNDUP(B75/(1-('Datos de Entrada (1)'!$D$24/100)),0) -> 0 | C76: =ROUNDUP(C75/(1-('Datos de Entrada (1)'!$D$24/100)),0) -> 0 | D76: =ROUNDUP(D75/(1-('Datos de Entrada (1)'!$D$24/100)),0) -> 0 | E76: =ROUNDUP(E75/(1-('Datos de Entrada (1)'!$D$24/100)),0) -> 0 | F76: =ROUNDUP(F75/(1-('Datos de Entrada (1)'!$D$24/100)),0) -> 0 | G76: =ROUNDUP(G75/(1-('Datos de Entrada (1)'!$D$24/100)),0) -> 0 | H76: =ROUNDUP(H75/(1-('Datos de Entrada (1)'!$D$24/100)),0) -> 0 | I76: =ROUNDUP(I75/(1-('Datos de Entrada (1)'!$D$24/100)),0) -> 0 | ... U76: =ROUNDUP(U75/(1-('Datos de Entrada (1)'!$D$24/100)),0) -> 0
A77: RPP | B77: =ROUNDUP(B76/'Datos de Entrada (1)'!$F$24,0)*'Datos de Entrada (1)'!$F$24 -> 0 | C77: =ROUNDUP(C76/'Datos de Entrada (1)'!$F$24,0)*'Datos de Entrada (1)'!$F$24 -> 0 | D77: =ROUNDUP(D76/'Datos de Entrada (1)'!$F$24,0)*'Datos de Entrada (1)'!$F$24 -> 0 | E77: =ROUNDUP(E76/'Datos de Entrada (1)'!$F$24,0)*'Datos de Entrada (1)'!$F$24 -> 0 | F77: =ROUNDUP(F76/'Datos de Entrada (1)'!$F$24,0)*'Datos de Entrada (1)'!$F$24 -> 0 | G77: =ROUNDUP(G76/'Datos de Entrada (1)'!$F$24,0)*'Datos de Entrada (1)'!$F$24 -> 0 | H77: =ROUNDUP(H76/'Datos de Entrada (1)'!$F$24,0)*'Datos de Entrada (1)'!$F$24 -> 0 | I77: =ROUNDUP(I76/'Datos de Entrada (1)'!$F$24,0)*'Datos de Entrada (1)'!$F$24 -> 0 | ... U77: =ROUNDUP(U76/'Datos de Entrada (1)'!$F$24,0)*'Datos de Entrada (1)'!$F$24 -> 0
A78: AUXILIAR 3 (CORRECTAS) | B78: =ROUNDDOWN(B77*(1-('Datos de Entrada (1)'!$D$24/100)),0) -> 0 | C78: =ROUNDDOWN(C77*(1-('Datos de Entrada (1)'!$D$24/100)),0) -> 0 | D78: =ROUNDDOWN(D77*(1-('Datos de Entrada (1)'!$D$24/100)),0) -> 0 | E78: =ROUNDDOWN(E77*(1-('Datos de Entrada (1)'!$D$24/100)),0) -> 0 | F78: =ROUNDDOWN(F77*(1-('Datos de Entrada (1)'!$D$24/100)),0) -> 0 | G78: =ROUNDDOWN(G77*(1-('Datos de Entrada (1)'!$D$24/100)),0) -> 0 | H78: =ROUNDDOWN(H77*(1-('Datos de Entrada (1)'!$D$24/100)),0) -> 0 | I78: =ROUNDDOWN(I77*(1-('Datos de Entrada (1)'!$D$24/100)),0) -> 0 | ... U78: =ROUNDDOWN(U77*(1-('Datos de Entrada (1)'!$D$24/100)),0) -> 0
A79: LANZ PP (EN CUENTA DEF. Y LOTE) | B79: =OFFSET(B77,0,'Datos de Entrada (1)'!$C$24) -> 0 | C79: =OFFSET(C77,0,'Datos de Entrada (1)'!$C$24) -> 0 | D79: =OFFSET(D77,0,'Datos de Entrada (1)'!$C$24) -> 0 | E79: =OFFSET(E77,0,'Datos de Entrada (1)'!$C$24) -> 0 | F79: =OFFSET(F77,0,'Datos de Entrada (1)'!$C$24) -> 0 | G79: =OFFSET(G77,0,'Datos de Entrada (1)'!$C$24) -> 0 | H79: =OFFSET(H77,0,'Datos de Entrada (1)'!$C$24) -> 0 | I79: =OFFSET(I77,0,'Datos de Entrada (1)'!$C$24) -> 0 | ... U79: =OFFSET(U77,0,'Datos de Entrada (1)'!$C$24) -> 0
A81: C3 | B81: 1 | C81: 2 | D81: 3 | E81: 4 | F81: 5 | G81: 6 | H81: 7 | I81: 8 | J81: 9 | K81: 10 | L81: 11 | M81: 12 | N81: 13 | O81: 14 | P81: 15 | Q81: 16 | R81: 17 | S81: 18 | T81: 19 | U81: 20
A82: NB | B82: ='Datos de Entrada (2)'!$K$8*'LANZ PP CAMBIOS'!B25+'Datos de Entrada (2)'!$F$21*'LANZ PP CAMBIOS'!B61++IFERROR(VLOOKUP($A$14,'Datos de Entrada (1)'!$A$7:$E$10,MATCH(B81,'Datos de Entrada (1)'!$A$6:$E$6,0),0),0) -> 0 | C82: ='Datos de Entrada (2)'!$K$8*'LANZ PP CAMBIOS'!C25+'Datos de Entrada (2)'!$F$21*'LANZ PP CAMBIOS'!C61++IFERROR(VLOOKUP($A$14,'Datos de Entrada (1)'!$A$7:$E$10,MATCH(C81,'Datos de Entrada (1)'!$A$6:$E$6,0),0),0) -> 0 | D82: ='Datos de Entrada (2)'!$K$8*'LANZ PP CAMBIOS'!D25+'Datos de Entrada (2)'!$F$21*'LANZ PP CAMBIOS'!D61++IFERROR(VLOOKUP($A$14,'Datos de Entrada (1)'!$A$7:$E$10,MATCH(D81,'Datos de Entrada (1)'!$A$6:$E$6,0),0),0) -> 0 | E82: ='Datos de Entrada (2)'!$K$8*'LANZ PP CAMBIOS'!E25+'Datos de Entrada (2)'!$F$21*'LANZ PP CAMBIOS'!E61++IFERROR(VLOOKUP($A$14,'Datos de Entrada (1)'!$A$7:$E$10,MATCH(E81,'Datos de Entrada (1)'!$A$6:$E$6,0),0),0) -> 0 | F82: ='Datos de Entrada (2)'!$K$8*'LANZ PP CAMBIOS'!F25+'Datos de Entrada (2)'!$F$21*'LANZ PP CAMBIOS'!F61++IFERROR(VLOOKUP($A$14,'Datos de Entrada (1)'!$A$7:$E$10,MATCH(F81,'Datos de Entrada (1)'!$A$6:$E$6,0),0),0) -> 0 | G82: ='Datos de Entrada (2)'!$K$8*'LANZ PP CAMBIOS'!G25+'Datos de Entrada (2)'!$F$21*'LANZ PP CAMBIOS'!G61++IFERROR(VLOOKUP($A$14,'Datos de Entrada (1)'!$A$7:$E$10,MATCH(G81,'Datos de Entrada (1)'!$A$6:$E$6,0),0),0) -> 0 | H82: ='Datos de Entrada (2)'!$K$8*'LANZ PP CAMBIOS'!H25+'Datos de Entrada (2)'!$F$21*'LANZ PP CAMBIOS'!H61++IFERROR(VLOOKUP($A$14,'Datos de Entrada (1)'!$A$7:$E$10,MATCH(H81,'Datos de Entrada (1)'!$A$6:$E$6,0),0),0) -> 0 | I82: ='Datos de Entrada (2)'!$K$8*'LANZ PP CAMBIOS'!I25+'Datos de Entrada (2)'!$F$21*'LANZ PP CAMBIOS'!I61++IFERROR(VLOOKUP($A$14,'Datos de Entrada (1)'!$A$7:$E$10,MATCH(I81,'Datos de Entrada (1)'!$A$6:$E$6,0),0),0) -> 0 | ... U82: ='Datos de Entrada (2)'!$K$8*'LANZ PP CAMBIOS'!U25+'Datos de Entrada (2)'!$F$21*'LANZ PP CAMBIOS'!U61++IFERROR(VLOOKUP($A$14,'Datos de Entrada (1)'!$A$7:$E$10,MATCH(U81,'Datos de Entrada (1)'!$A$6:$E$6,0),0),0) -> 0
A83: EXITS | B83: ='Datos de Entrada (1)'!$E$25 -> 150 | C83: =B83+B87-B82 -> 150 | D83: =C83+C87-C82 -> 150 | E83: =D83+D87-D82 -> 150 | F83: =E83+E87-E82 -> 150 | G83: =F83+F87-F82 -> 150 | H83: =G83+G87-G82 -> 150 | I83: =H83+H87-H82 -> 150 | J83: =I83+I87-I82 -> 150 | ... U83: =T83+T87-T82 -> 100
A84: NN | B84: =IF(B82=0,0,MAX(0,B82+'Datos de Entrada (1)'!$B$25-'LANZ PP'!B83)) -> 0 | C84: =IF(C82=0,0,MAX(0,C82+'Datos de Entrada (1)'!$B$25-'LANZ PP'!C83)) -> 0 | D84: =IF(D82=0,0,MAX(0,D82+'Datos de Entrada (1)'!$B$25-'LANZ PP'!D83)) -> 0 | E84: =IF(E82=0,0,MAX(0,E82+'Datos de Entrada (1)'!$B$25-'LANZ PP'!E83)) -> 0 | F84: =IF(F82=0,0,MAX(0,F82+'Datos de Entrada (1)'!$B$25-'LANZ PP'!F83)) -> 0 | G84: =IF(G82=0,0,MAX(0,G82+'Datos de Entrada (1)'!$B$25-'LANZ PP'!G83)) -> 0 | H84: =IF(H82=0,0,MAX(0,H82+'Datos de Entrada (1)'!$B$25-'LANZ PP'!H83)) -> 0 | I84: =IF(I82=0,0,MAX(0,I82+'Datos de Entrada (1)'!$B$25-'LANZ PP'!I83)) -> 0 | ... U84: =IF(U82=0,0,MAX(0,U82+'Datos de Entrada (1)'!$B$25-'LANZ PP'!U83)) -> 0
A85: AUXILIAR (NN, CON DEFECTOS) | B85: =ROUNDUP(B84/(1-('Datos de Entrada (1)'!$D$25/100)),0) -> 0 | C85: =ROUNDUP(C84/(1-('Datos de Entrada (1)'!$D$25/100)),0) -> 0 | D85: =ROUNDUP(D84/(1-('Datos de Entrada (1)'!$D$25/100)),0) -> 0 | E85: =ROUNDUP(E84/(1-('Datos de Entrada (1)'!$D$25/100)),0) -> 0 | F85: =ROUNDUP(F84/(1-('Datos de Entrada (1)'!$D$25/100)),0) -> 0 | G85: =ROUNDUP(G84/(1-('Datos de Entrada (1)'!$D$25/100)),0) -> 0 | H85: =ROUNDUP(H84/(1-('Datos de Entrada (1)'!$D$25/100)),0) -> 0 | I85: =ROUNDUP(I84/(1-('Datos de Entrada (1)'!$D$25/100)),0) -> 0 | ... U85: =ROUNDUP(U84/(1-('Datos de Entrada (1)'!$D$25/100)),0) -> 0
A86: RPP | B86: =ROUNDUP(B85/'Datos de Entrada (1)'!$F$25,0)*'Datos de Entrada (1)'!$F$25 -> 0 | C86: =ROUNDUP(C85/'Datos de Entrada (1)'!$F$25,0)*'Datos de Entrada (1)'!$F$25 -> 0 | D86: =ROUNDUP(D85/'Datos de Entrada (1)'!$F$25,0)*'Datos de Entrada (1)'!$F$25 -> 0 | E86: =ROUNDUP(E85/'Datos de Entrada (1)'!$F$25,0)*'Datos de Entrada (1)'!$F$25 -> 0 | F86: =ROUNDUP(F85/'Datos de Entrada (1)'!$F$25,0)*'Datos de Entrada (1)'!$F$25 -> 0 | G86: =ROUNDUP(G85/'Datos de Entrada (1)'!$F$25,0)*'Datos de Entrada (1)'!$F$25 -> 0 | H86: =ROUNDUP(H85/'Datos de Entrada (1)'!$F$25,0)*'Datos de Entrada (1)'!$F$25 -> 0 | I86: =ROUNDUP(I85/'Datos de Entrada (1)'!$F$25,0)*'Datos de Entrada (1)'!$F$25 -> 0 | ... U86: =ROUNDUP(U85/'Datos de Entrada (1)'!$F$25,0)*'Datos de Entrada (1)'!$F$25 -> 0
A87: AUXILIAR 3 (CORRECTAS) | B87: =ROUNDDOWN(B86*(1-('Datos de Entrada (1)'!$D$25/100)),0) -> 0 | C87: =ROUNDDOWN(C86*(1-('Datos de Entrada (1)'!$D$25/100)),0) -> 0 | D87: =ROUNDDOWN(D86*(1-('Datos de Entrada (1)'!$D$25/100)),0) -> 0 | E87: =ROUNDDOWN(E86*(1-('Datos de Entrada (1)'!$D$25/100)),0) -> 0 | F87: =ROUNDDOWN(F86*(1-('Datos de Entrada (1)'!$D$25/100)),0) -> 0 | G87: =ROUNDDOWN(G86*(1-('Datos de Entrada (1)'!$D$25/100)),0) -> 0 | H87: =ROUNDDOWN(H86*(1-('Datos de Entrada (1)'!$D$25/100)),0) -> 0 | I87: =ROUNDDOWN(I86*(1-('Datos de Entrada (1)'!$D$25/100)),0) -> 0 | ... U87: =ROUNDDOWN(U86*(1-('Datos de Entrada (1)'!$D$25/100)),0) -> 0
A88: LANZ PP (EN CUENTA DEF. Y LOTE) | B88: =OFFSET(B86,0,'Datos de Entrada (1)'!$C$25) -> 0 | C88: =OFFSET(C86,0,'Datos de Entrada (1)'!$C$25) -> 0 | D88: =OFFSET(D86,0,'Datos de Entrada (1)'!$C$25) -> 0 | E88: =OFFSET(E86,0,'Datos de Entrada (1)'!$C$25) -> 0 | F88: =OFFSET(F86,0,'Datos de Entrada (1)'!$C$25) -> 0 | G88: =OFFSET(G86,0,'Datos de Entrada (1)'!$C$25) -> 0 | H88: =OFFSET(H86,0,'Datos de Entrada (1)'!$C$25) -> 0 | I88: =OFFSET(I86,0,'Datos de Entrada (1)'!$C$25) -> 0 | ... U88: =OFFSET(U86,0,'Datos de Entrada (1)'!$C$25) -> 0
A90: C4 | B90: 1 | C90: 2 | D90: 3 | E90: 4 | F90: 5 | G90: 6 | H90: 7 | I90: 8 | J90: 9 | K90: 10 | L90: 11 | M90: 12 | N90: 13 | O90: 14 | P90: 15 | Q90: 16 | R90: 17 | S90: 18 | T90: 19 | U90: 20
A91: NB | B91: ='Datos de Entrada (2)'!$H$8*'LANZ PP CAMBIOS'!B43+'Datos de Entrada (2)'!$I$21*'LANZ PP CAMBIOS'!B61+IFERROR(VLOOKUP($A$15,'Datos de Entrada (1)'!$A$7:$E$10,MATCH(B90,'Datos de Entrada (1)'!$A$6:$E$6,0),0),0) -> 0 | C91: ='Datos de Entrada (2)'!$H$8*'LANZ PP CAMBIOS'!C43+'Datos de Entrada (2)'!$I$21*'LANZ PP CAMBIOS'!C61+IFERROR(VLOOKUP($A$15,'Datos de Entrada (1)'!$A$7:$E$10,MATCH(C90,'Datos de Entrada (1)'!$A$6:$E$6,0),0),0) -> 0 | D91: ='Datos de Entrada (2)'!$H$8*'LANZ PP CAMBIOS'!D43+'Datos de Entrada (2)'!$I$21*'LANZ PP CAMBIOS'!D61+IFERROR(VLOOKUP($A$15,'Datos de Entrada (1)'!$A$7:$E$10,MATCH(D90,'Datos de Entrada (1)'!$A$6:$E$6,0),0),0) -> 0 | E91: ='Datos de Entrada (2)'!$H$8*'LANZ PP CAMBIOS'!E43+'Datos de Entrada (2)'!$I$21*'LANZ PP CAMBIOS'!E61+IFERROR(VLOOKUP($A$15,'Datos de Entrada (1)'!$A$7:$E$10,MATCH(E90,'Datos de Entrada (1)'!$A$6:$E$6,0),0),0) -> 0 | F91: ='Datos de Entrada (2)'!$H$8*'LANZ PP CAMBIOS'!F43+'Datos de Entrada (2)'!$I$21*'LANZ PP CAMBIOS'!F61+IFERROR(VLOOKUP($A$15,'Datos de Entrada (1)'!$A$7:$E$10,MATCH(F90,'Datos de Entrada (1)'!$A$6:$E$6,0),0),0) -> 0 | G91: ='Datos de Entrada (2)'!$H$8*'LANZ PP CAMBIOS'!G43+'Datos de Entrada (2)'!$I$21*'LANZ PP CAMBIOS'!G61+IFERROR(VLOOKUP($A$15,'Datos de Entrada (1)'!$A$7:$E$10,MATCH(G90,'Datos de Entrada (1)'!$A$6:$E$6,0),0),0) -> 0 | H91: ='Datos de Entrada (2)'!$H$8*'LANZ PP CAMBIOS'!H43+'Datos de Entrada (2)'!$I$21*'LANZ PP CAMBIOS'!H61+IFERROR(VLOOKUP($A$15,'Datos de Entrada (1)'!$A$7:$E$10,MATCH(H90,'Datos de Entrada (1)'!$A$6:$E$6,0),0),0) -> 0 | I91: ='Datos de Entrada (2)'!$H$8*'LANZ PP CAMBIOS'!I43+'Datos de Entrada (2)'!$I$21*'LANZ PP CAMBIOS'!I61+IFERROR(VLOOKUP($A$15,'Datos de Entrada (1)'!$A$7:$E$10,MATCH(I90,'Datos de Entrada (1)'!$A$6:$E$6,0),0),0) -> 0 | ... U91: ='Datos de Entrada (2)'!$H$8*'LANZ PP CAMBIOS'!U43+'Datos de Entrada (2)'!$I$21*'LANZ PP CAMBIOS'!U61+IFERROR(VLOOKUP($A$15,'Datos de Entrada (1)'!$A$7:$E$10,MATCH(U90,'Datos de Entrada (1)'!$A$6:$E$6,0),0),0) -> 0
A92: EXITS | B92: ='Datos de Entrada (1)'!$E$26 -> 100 | C92: =B92+B96-B91 -> 100 | D92: =C92+C96-C91 -> 100 | E92: =D92+D96-D91 -> 100 | F92: =E92+E96-E91 -> 100 | G92: =F92+F96-F91 -> 100 | H92: =G92+G96-G91 -> 100 | I92: =H92+H96-H91 -> 100 | J92: =I92+I96-I91 -> 100 | ... U92: =T92+T96-T91 -> 112
A93: NN | B93: =IF(B91=0,0,MAX(0,B91+'Datos de Entrada (1)'!$B$26-'LANZ PP'!B92)) -> 0 | C93: =IF(C91=0,0,MAX(0,C91+'Datos de Entrada (1)'!$B$26-'LANZ PP'!C92)) -> 0 | D93: =IF(D91=0,0,MAX(0,D91+'Datos de Entrada (1)'!$B$26-'LANZ PP'!D92)) -> 0 | E93: =IF(E91=0,0,MAX(0,E91+'Datos de Entrada (1)'!$B$26-'LANZ PP'!E92)) -> 0 | F93: =IF(F91=0,0,MAX(0,F91+'Datos de Entrada (1)'!$B$26-'LANZ PP'!F92)) -> 0 | G93: =IF(G91=0,0,MAX(0,G91+'Datos de Entrada (1)'!$B$26-'LANZ PP'!G92)) -> 0 | H93: =IF(H91=0,0,MAX(0,H91+'Datos de Entrada (1)'!$B$26-'LANZ PP'!H92)) -> 0 | I93: =IF(I91=0,0,MAX(0,I91+'Datos de Entrada (1)'!$B$26-'LANZ PP'!I92)) -> 0 | ... U93: =IF(U91=0,0,MAX(0,U91+'Datos de Entrada (1)'!$B$26-'LANZ PP'!U92)) -> 0
A94: AUXILIAR (NN, CON DEFECTOS) | B94: =ROUNDUP(B93/(1-('Datos de Entrada (1)'!$D$26/100)),0) -> 0 | C94: =ROUNDUP(C93/(1-('Datos de Entrada (1)'!$D$26/100)),0) -> 0 | D94: =ROUNDUP(D93/(1-('Datos de Entrada (1)'!$D$26/100)),0) -> 0 | E94: =ROUNDUP(E93/(1-('Datos de Entrada (1)'!$D$26/100)),0) -> 0 | F94: =ROUNDUP(F93/(1-('Datos de Entrada (1)'!$D$26/100)),0) -> 0 | G94: =ROUNDUP(G93/(1-('Datos de Entrada (1)'!$D$26/100)),0) -> 0 | H94: =ROUNDUP(H93/(1-('Datos de Entrada (1)'!$D$26/100)),0) -> 0 | I94: =ROUNDUP(I93/(1-('Datos de Entrada (1)'!$D$26/100)),0) -> 0 | ... U94: =ROUNDUP(U93/(1-('Datos de Entrada (1)'!$D$26/100)),0) -> 0
A95: RPP | B95: =ROUNDUP(B94/'Datos de Entrada (1)'!$F$26,0)*'Datos de Entrada (1)'!$F$26 -> 0 | C95: =ROUNDUP(C94/'Datos de Entrada (1)'!$F$26,0)*'Datos de Entrada (1)'!$F$26 -> 0 | D95: =ROUNDUP(D94/'Datos de Entrada (1)'!$F$26,0)*'Datos de Entrada (1)'!$F$26 -> 0 | E95: =ROUNDUP(E94/'Datos de Entrada (1)'!$F$26,0)*'Datos de Entrada (1)'!$F$26 -> 0 | F95: =ROUNDUP(F94/'Datos de Entrada (1)'!$F$26,0)*'Datos de Entrada (1)'!$F$26 -> 0 | G95: =ROUNDUP(G94/'Datos de Entrada (1)'!$F$26,0)*'Datos de Entrada (1)'!$F$26 -> 0 | H95: =ROUNDUP(H94/'Datos de Entrada (1)'!$F$26,0)*'Datos de Entrada (1)'!$F$26 -> 0 | I95: =ROUNDUP(I94/'Datos de Entrada (1)'!$F$26,0)*'Datos de Entrada (1)'!$F$26 -> 0 | ... U95: =ROUNDUP(U94/'Datos de Entrada (1)'!$F$26,0)*'Datos de Entrada (1)'!$F$26 -> 0
A96: AUXILIAR 3 (CORRECTAS) | B96: =ROUNDDOWN(B95*(1-('Datos de Entrada (1)'!$D$26/100)),0) -> 0 | C96: =ROUNDDOWN(C95*(1-('Datos de Entrada (1)'!$D$26/100)),0) -> 0 | D96: =ROUNDDOWN(D95*(1-('Datos de Entrada (1)'!$D$26/100)),0) -> 0 | E96: =ROUNDDOWN(E95*(1-('Datos de Entrada (1)'!$D$26/100)),0) -> 0 | F96: =ROUNDDOWN(F95*(1-('Datos de Entrada (1)'!$D$26/100)),0) -> 0 | G96: =ROUNDDOWN(G95*(1-('Datos de Entrada (1)'!$D$26/100)),0) -> 0 | H96: =ROUNDDOWN(H95*(1-('Datos de Entrada (1)'!$D$26/100)),0) -> 0 | I96: =ROUNDDOWN(I95*(1-('Datos de Entrada (1)'!$D$26/100)),0) -> 0 | ... U96: =ROUNDDOWN(U95*(1-('Datos de Entrada (1)'!$D$26/100)),0) -> 0
A97: LANZ PP (EN CUENTA DEF. Y LOTE) | B97: =OFFSET(B95,0,'Datos de Entrada (1)'!$C$26) -> 0 | C97: =OFFSET(C95,0,'Datos de Entrada (1)'!$C$26) -> 0 | D97: =OFFSET(D95,0,'Datos de Entrada (1)'!$C$26) -> 0 | E97: =OFFSET(E95,0,'Datos de Entrada (1)'!$C$26) -> 0 | F97: =OFFSET(F95,0,'Datos de Entrada (1)'!$C$26) -> 0 | G97: =OFFSET(G95,0,'Datos de Entrada (1)'!$C$26) -> 0 | H97: =OFFSET(H95,0,'Datos de Entrada (1)'!$C$26) -> 0 | I97: =OFFSET(I95,0,'Datos de Entrada (1)'!$C$26) -> 0 | ... U97: =OFFSET(U95,0,'Datos de Entrada (1)'!$C$26) -> 0
A99: C5 | B99: 1 | C99: 2 | D99: 3 | E99: 4 | F99: 5 | G99: 6 | H99: 7 | I99: 8 | J99: 9 | K99: 10 | L99: 11 | M99: 12 | N99: 13 | O99: 14 | P99: 15 | Q99: 16 | R99: 17 | S99: 18 | T99: 19 | U99: 20
A100: NB | B100: ='Datos de Entrada (2)'!$D$24*'LANZ PP CAMBIOS'!B52+'Datos de Entrada (2)'!$I$24*'LANZ PP CAMBIOS'!B97++IFERROR(VLOOKUP($A$16,'Datos de Entrada (1)'!$A$7:$E$10,MATCH(B99,'Datos de Entrada (1)'!$A$6:$E$6,0),0),0) -> 0 | C100: ='Datos de Entrada (2)'!$D$24*'LANZ PP CAMBIOS'!C52+'Datos de Entrada (2)'!$I$24*'LANZ PP CAMBIOS'!C97++IFERROR(VLOOKUP($A$16,'Datos de Entrada (1)'!$A$7:$E$10,MATCH(C99,'Datos de Entrada (1)'!$A$6:$E$6,0),0),0) -> 0 | D100: ='Datos de Entrada (2)'!$D$24*'LANZ PP CAMBIOS'!D52+'Datos de Entrada (2)'!$I$24*'LANZ PP CAMBIOS'!D97++IFERROR(VLOOKUP($A$16,'Datos de Entrada (1)'!$A$7:$E$10,MATCH(D99,'Datos de Entrada (1)'!$A$6:$E$6,0),0),0) -> 0 | E100: ='Datos de Entrada (2)'!$D$24*'LANZ PP CAMBIOS'!E52+'Datos de Entrada (2)'!$I$24*'LANZ PP CAMBIOS'!E97++IFERROR(VLOOKUP($A$16,'Datos de Entrada (1)'!$A$7:$E$10,MATCH(E99,'Datos de Entrada (1)'!$A$6:$E$6,0),0),0) -> 0 | F100: ='Datos de Entrada (2)'!$D$24*'LANZ PP CAMBIOS'!F52+'Datos de Entrada (2)'!$I$24*'LANZ PP CAMBIOS'!F97++IFERROR(VLOOKUP($A$16,'Datos de Entrada (1)'!$A$7:$E$10,MATCH(F99,'Datos de Entrada (1)'!$A$6:$E$6,0),0),0) -> 0 | G100: ='Datos de Entrada (2)'!$D$24*'LANZ PP CAMBIOS'!G52+'Datos de Entrada (2)'!$I$24*'LANZ PP CAMBIOS'!G97++IFERROR(VLOOKUP($A$16,'Datos de Entrada (1)'!$A$7:$E$10,MATCH(G99,'Datos de Entrada (1)'!$A$6:$E$6,0),0),0) -> 0 | H100: ='Datos de Entrada (2)'!$D$24*'LANZ PP CAMBIOS'!H52+'Datos de Entrada (2)'!$I$24*'LANZ PP CAMBIOS'!H97++IFERROR(VLOOKUP($A$16,'Datos de Entrada (1)'!$A$7:$E$10,MATCH(H99,'Datos de Entrada (1)'!$A$6:$E$6,0),0),0) -> 0 | I100: ='Datos de Entrada (2)'!$D$24*'LANZ PP CAMBIOS'!I52+'Datos de Entrada (2)'!$I$24*'LANZ PP CAMBIOS'!I97++IFERROR(VLOOKUP($A$16,'Datos de Entrada (1)'!$A$7:$E$10,MATCH(I99,'Datos de Entrada (1)'!$A$6:$E$6,0),0),0) -> 0 | ... U100: ='Datos de Entrada (2)'!$D$24*'LANZ PP CAMBIOS'!U52+'Datos de Entrada (2)'!$I$24*'LANZ PP CAMBIOS'!U97++IFERROR(VLOOKUP($A$16,'Datos de Entrada (1)'!$A$7:$E$10,MATCH(U99,'Datos de Entrada (1)'!$A$6:$E$6,0),0),0) -> 10
A101: EXITS | B101: ='Datos de Entrada (1)'!$E$27 -> 10 | C101: =B101+B105-B100 -> 10 | D101: =C101+C105-C100 -> 10 | E101: =D101+D105-D100 -> 10 | F101: =E101+E105-E100 -> 10 | G101: =F101+F105-F100 -> 10 | H101: =G101+G105-G100 -> 10 | I101: =H101+H105-H100 -> 10 | J101: =I101+I105-I100 -> 10 | ... U101: =T101+T105-T100 -> 54
A102: NN | B102: =IF(B100=0,0,MAX(0,B100+'Datos de Entrada (1)'!$B$27-'LANZ PP'!B101)) -> 0 | C102: =IF(C100=0,0,MAX(0,C100+'Datos de Entrada (1)'!$B$27-'LANZ PP'!C101)) -> 0 | D102: =IF(D100=0,0,MAX(0,D100+'Datos de Entrada (1)'!$B$27-'LANZ PP'!D101)) -> 0 | E102: =IF(E100=0,0,MAX(0,E100+'Datos de Entrada (1)'!$B$27-'LANZ PP'!E101)) -> 0 | F102: =IF(F100=0,0,MAX(0,F100+'Datos de Entrada (1)'!$B$27-'LANZ PP'!F101)) -> 0 | G102: =IF(G100=0,0,MAX(0,G100+'Datos de Entrada (1)'!$B$27-'LANZ PP'!G101)) -> 0 | H102: =IF(H100=0,0,MAX(0,H100+'Datos de Entrada (1)'!$B$27-'LANZ PP'!H101)) -> 0 | I102: =IF(I100=0,0,MAX(0,I100+'Datos de Entrada (1)'!$B$27-'LANZ PP'!I101)) -> 0 | ... U102: =IF(U100=0,0,MAX(0,U100+'Datos de Entrada (1)'!$B$27-'LANZ PP'!U101)) -> 6
A103: AUXILIAR (NN, CON DEFECTOS) | B103: =ROUNDUP(B102/(1-('Datos de Entrada (1)'!$D$27/100)),0) -> 0 | C103: =ROUNDUP(C102/(1-('Datos de Entrada (1)'!$D$27/100)),0) -> 0 | D103: =ROUNDUP(D102/(1-('Datos de Entrada (1)'!$D$27/100)),0) -> 0 | E103: =ROUNDUP(E102/(1-('Datos de Entrada (1)'!$D$27/100)),0) -> 0 | F103: =ROUNDUP(F102/(1-('Datos de Entrada (1)'!$D$27/100)),0) -> 0 | G103: =ROUNDUP(G102/(1-('Datos de Entrada (1)'!$D$27/100)),0) -> 0 | H103: =ROUNDUP(H102/(1-('Datos de Entrada (1)'!$D$27/100)),0) -> 0 | I103: =ROUNDUP(I102/(1-('Datos de Entrada (1)'!$D$27/100)),0) -> 0 | ... U103: =ROUNDUP(U102/(1-('Datos de Entrada (1)'!$D$27/100)),0) -> 7
A104: RPP | B104: =ROUNDUP(B103/'Datos de Entrada (1)'!$F$27,0)*'Datos de Entrada (1)'!$F$27 -> 0 | C104: =ROUNDUP(C103/'Datos de Entrada (1)'!$F$27,0)*'Datos de Entrada (1)'!$F$27 -> 0 | D104: =ROUNDUP(D103/'Datos de Entrada (1)'!$F$27,0)*'Datos de Entrada (1)'!$F$27 -> 0 | E104: =ROUNDUP(E103/'Datos de Entrada (1)'!$F$27,0)*'Datos de Entrada (1)'!$F$27 -> 0 | F104: =ROUNDUP(F103/'Datos de Entrada (1)'!$F$27,0)*'Datos de Entrada (1)'!$F$27 -> 0 | G104: =ROUNDUP(G103/'Datos de Entrada (1)'!$F$27,0)*'Datos de Entrada (1)'!$F$27 -> 0 | H104: =ROUNDUP(H103/'Datos de Entrada (1)'!$F$27,0)*'Datos de Entrada (1)'!$F$27 -> 0 | I104: =ROUNDUP(I103/'Datos de Entrada (1)'!$F$27,0)*'Datos de Entrada (1)'!$F$27 -> 0 | ... U104: =ROUNDUP(U103/'Datos de Entrada (1)'!$F$27,0)*'Datos de Entrada (1)'!$F$27 -> 15
A105: AUXILIAR 3 (CORRECTAS) | B105: =ROUNDDOWN(B104*(1-('Datos de Entrada (1)'!$D$27/100)),0) -> 0 | C105: =ROUNDDOWN(C104*(1-('Datos de Entrada (1)'!$D$27/100)),0) -> 0 | D105: =ROUNDDOWN(D104*(1-('Datos de Entrada (1)'!$D$27/100)),0) -> 0 | E105: =ROUNDDOWN(E104*(1-('Datos de Entrada (1)'!$D$27/100)),0) -> 0 | F105: =ROUNDDOWN(F104*(1-('Datos de Entrada (1)'!$D$27/100)),0) -> 0 | G105: =ROUNDDOWN(G104*(1-('Datos de Entrada (1)'!$D$27/100)),0) -> 0 | H105: =ROUNDDOWN(H104*(1-('Datos de Entrada (1)'!$D$27/100)),0) -> 0 | I105: =ROUNDDOWN(I104*(1-('Datos de Entrada (1)'!$D$27/100)),0) -> 0 | ... U105: =ROUNDDOWN(U104*(1-('Datos de Entrada (1)'!$D$27/100)),0) -> 14
A106: LANZ PP (EN CUENTA DEF. Y LOTE) | B106: =OFFSET(B104,0,'Datos de Entrada (1)'!$C$27) -> 0 | C106: =OFFSET(C104,0,'Datos de Entrada (1)'!$C$27) -> 0 | D106: =OFFSET(D104,0,'Datos de Entrada (1)'!$C$27) -> 0 | E106: =OFFSET(E104,0,'Datos de Entrada (1)'!$C$27) -> 0 | F106: =OFFSET(F104,0,'Datos de Entrada (1)'!$C$27) -> 0 | G106: =OFFSET(G104,0,'Datos de Entrada (1)'!$C$27) -> 0 | H106: =OFFSET(H104,0,'Datos de Entrada (1)'!$C$27) -> 0 | I106: =OFFSET(I104,0,'Datos de Entrada (1)'!$C$27) -> 0 | ... U106: =OFFSET(U104,0,'Datos de Entrada (1)'!$C$27) -> 0
